timestamp,oficial,paralelo
2026-07-16T19:58:11.475592-04:00,10.7,10.7
2026-07-16T20:08:55.908346-04:00,10.7,10.7
2026-07-16T22:49:17.287361-04:00,10.7,10.72
2026-07-16T23:47:52.726255-04:00,10.7,10.69
2026-07-17T02:20:29.303717-04:00,10.7,10.73
2026-07-17T04:36:12.033348-04:00,10.7,10.72
2026-07-17T06:50:13.978476-04:00,10.7,10.74
2026-07-17T08:12:30.474143-04:00,10.7,10.73
2026-07-17T10:13:07.422617-04:00,10.75,10.72
2026-07-17T11:56:59.983740-04:00,10.75,10.72
2026-07-17T13:19:13.613560-04:00,10.75,10.72
2026-07-17T14:34:58.988970-04:00,10.75,10.71
2026-07-17T16:08:26.787269-04:00,10.75,10.7
2026-07-17T17:22:39.056121-04:00,10.75,10.7
2026-07-17T18:23:33.699566-04:00,10.75,10.69
2026-07-17T19:25:32.526555-04:00,10.75,10.67
2026-07-17T20:57:06.298710-04:00,10.75,10.74
2026-07-18T00:06:50.907862-04:00,10.75,10.77
2026-07-18T02:28:28.645755-04:00,10.75,10.75
2026-07-18T04:23:39.555597-04:00,10.75,10.76
2026-07-18T05:58:43.011632-04:00,10.75,10.78
2026-07-18T07:13:04.303905-04:00,10.75,10.78
2026-07-18T08:28:02.063811-04:00,10.85,10.78
2026-07-18T10:00:15.940604-04:00,10.85,10.8
2026-07-18T11:29:50.080242-04:00,10.85,10.73
2026-07-18T12:31:06.110182-04:00,10.85,10.76
2026-07-18T13:57:40.469894-04:00,10.85,10.72
2026-07-18T15:16:45.257526-04:00,10.85,10.69
2026-07-18T16:21:35.753016-04:00,10.85,10.71
2026-07-18T17:25:14.772450-04:00,10.85,10.72
2026-07-18T18:24:45.913214-04:00,10.85,10.74
2026-07-18T19:28:05.766275-04:00,10.85,10.72
2026-07-18T21:04:40.999186-04:00,10.85,10.73
2026-07-19T00:50:11.602915-04:00,10.85,10.75
2026-07-19T03:28:50.289234-04:00,10.85,10.73
2026-07-19T05:29:49.384457-04:00,10.85,10.73
2026-07-19T06:57:19.669725-04:00,10.85,10.73
2026-07-19T08:03:27.785618-04:00,10.85,10.72
2026-07-19T10:02:31.615535-04:00,10.85,10.76
2026-07-19T11:31:21.937262-04:00,10.85,10.76
2026-07-19T13:01:28.086441-04:00,10.85,10.75
2026-07-19T14:28:33.450011-04:00,10.85,10.78
2026-07-19T15:45:19.191509-04:00,10.85,10.77
2026-07-19T16:54:59.167314-04:00,10.85,10.76
2026-07-19T17:57:08.469674-04:00,10.85,10.75
2026-07-19T19:00:06.887843-04:00,10.85,10.76
2026-07-19T20:06:03.357683-04:00,10.85,10.76
2026-07-20T00:22:58.174336-04:00,10.85,10.77
2026-07-20T03:41:33.217041-04:00,10.85,10.77
2026-07-20T06:56:09.361647-04:00,10.85,10.78
2026-07-20T09:11:17.310427-04:00,10.85,10.78
2026-07-20T11:29:30.855985-04:00,10.85,10.83
2026-07-20T13:03:55.302828-04:00,10.85,10.85
2026-07-20T15:14:14.455806-04:00,10.85,10.88
2026-07-20T16:49:03.441556-04:00,10.85,10.92
2026-07-20T18:03:06.658174-04:00,10.85,10.95
2026-07-20T19:32:05.126801-04:00,10.85,10.94
2026-07-20T22:56:51.710368-04:00,10.85,11.05
2026-07-21T02:03:28.904906-04:00,10.85,11.07
2026-07-21T05:10:25.828655-04:00,10.85,11.09
2026-07-21T07:23:58.581076-04:00,10.85,11.1
2026-07-21T08:55:39.336738-04:00,10.9,11.08
2026-07-21T11:06:55.079704-04:00,10.9,11.08
2026-07-21T12:56:11.901275-04:00,10.9,11.12
2026-07-21T14:19:13.180645-04:00,10.9,11.16
2026-07-21T16:01:23.659039-04:00,10.9,11.17
2026-07-21T17:40:22.074369-04:00,10.9,11.2
2026-07-21T18:02:52.892023-04:00,10.9,11.2
2026-07-21T19:00:39.844223-04:00,10.9,11.21
2026-07-21T20:51:47.524367-04:00,10.9,11.3
2026-07-21T20:56:23.963453-04:00,10.9,11.31
2026-07-21T22:18:29.784313-04:00,10.9,11.41
2026-07-21T22:20:19.923566-04:00,10.9,11.41
2026-07-21T22:30:18.764343-04:00,10.9,11.41
2026-07-21T22:40:16.860906-04:00,10.9,11.41
2026-07-21T22:50:14.110244-04:00,10.9,11.43
2026-07-21T23:00:22.003752-04:00,10.9,11.45
2026-07-21T23:10:13.870542-04:00,10.9,11.47
2026-07-21T23:20:17.329332-04:00,10.9,11.47
2026-07-21T23:30:20.075950-04:00,10.9,11.47
2026-07-21T23:40:13.962265-04:00,10.9,11.47
2026-07-21T23:50:16.542528-04:00,10.9,11.45
2026-07-22T00:00:20.053701-04:00,10.9,11.36
2026-07-22T00:10:15.835307-04:00,10.9,11.36
2026-07-22T00:20:15.576801-04:00,10.9,11.39
2026-07-22T00:30:21.092630-04:00,10.9,11.37
2026-07-22T00:40:22.231899-04:00,10.9,11.36
2026-07-22T00:50:13.474308-04:00,10.9,11.32
2026-07-22T01:00:22.219767-04:00,10.9,11.36
2026-07-22T01:10:17.640354-04:00,10.9,11.33
2026-07-22T01:13:09.585909-04:00,10.9,11.33
2026-07-22T01:20:15.597428-04:00,10.9,11.36
2026-07-22T01:30:21.994019-04:00,10.9,11.36
2026-07-22T01:40:17.114595-04:00,10.9,11.36
2026-07-22T01:50:16.548276-04:00,10.9,11.36
2026-07-22T02:00:31.614898-04:00,10.9,11.36
2026-07-22T02:10:17.535972-04:00,10.9,11.36
2026-07-22T02:20:15.591773-04:00,10.9,11.36
2026-07-22T02:30:20.080784-04:00,10.9,11.36
2026-07-22T02:40:17.617440-04:00,10.9,11.36
2026-07-22T02:50:17.463784-04:00,10.9,11.36
2026-07-22T03:00:21.304924-04:00,10.9,11.36
2026-07-22T03:10:18.862777-04:00,10.9,11.3
2026-07-22T03:20:16.666370-04:00,10.9,11.3
2026-07-22T03:30:23.297891-04:00,10.9,11.3
2026-07-22T03:40:16.692577-04:00,10.9,11.3
2026-07-22T03:42:51.264470-04:00,10.9,11.3
2026-07-22T03:50:25.124800-04:00,10.9,11.32
2026-07-22T04:00:25.870480-04:00,10.9,11.32
2026-07-22T04:10:17.977770-04:00,10.9,11.32
2026-07-22T04:20:17.399127-04:00,10.9,11.32
2026-07-22T04:30:29.526836-04:00,10.9,11.32
2026-07-22T04:40:17.776737-04:00,10.9,11.32
2026-07-22T04:50:16.066649-04:00,10.9,11.34
2026-07-22T05:00:30.851670-04:00,10.9,11.34
2026-07-22T05:10:17.888530-04:00,10.9,11.34
2026-07-22T05:20:17.587194-04:00,10.9,11.34
2026-07-22T05:30:24.316712-04:00,10.9,11.34
2026-07-22T05:40:17.357645-04:00,10.9,11.35
2026-07-22T05:50:15.882608-04:00,10.9,11.35
2026-07-22T06:00:25.297169-04:00,10.9,11.37
2026-07-22T06:07:21.656797-04:00,10.9,11.38
2026-07-22T06:10:15.381833-04:00,10.9,11.38
2026-07-22T06:20:15.664046-04:00,10.9,11.4
2026-07-22T06:30:20.844053-04:00,10.9,11.39
2026-07-22T06:40:18.112879-04:00,10.9,11.39
2026-07-22T06:50:17.326016-04:00,10.9,11.35
2026-07-22T07:00:28.510548-04:00,10.9,11.31
2026-07-22T07:10:17.925802-04:00,10.9,11.32
2026-07-22T07:20:16.616683-04:00,10.9,11.32
2026-07-22T07:30:19.179725-04:00,10.9,11.34
2026-07-22T07:40:14.981541-04:00,10.9,11.35
2026-07-22T07:50:15.160210-04:00,10.9,11.35
2026-07-22T08:00:29.764294-04:00,10.9,11.35
2026-07-22T08:02:10.852716-04:00,10.9,11.35
2026-07-22T08:10:17.273940-04:00,11.0,11.36
2026-07-22T08:20:19.769847-04:00,11.0,11.36
2026-07-22T08:30:19.538807-04:00,11.0,11.36
2026-07-22T08:40:16.606077-04:00,11.0,11.36
2026-07-22T08:50:20.421440-04:00,11.0,11.37
2026-07-22T09:00:27.939910-04:00,11.0,11.4
2026-07-22T09:10:16.043653-04:00,11.0,11.41
2026-07-22T09:20:20.743345-04:00,11.0,11.42
2026-07-22T09:30:19.816058-04:00,11.0,11.42
2026-07-22T09:40:15.937386-04:00,11.0,11.4
2026-07-22T09:50:18.722217-04:00,11.0,11.37
2026-07-22T10:00:23.660870-04:00,11.0,11.4
2026-07-22T10:10:19.240973-04:00,11.0,11.38
2026-07-22T10:20:08.455765-04:00,11.0,11.38
2026-07-22T10:30:23.563059-04:00,11.0,11.4
2026-07-22T10:40:20.452435-04:00,11.0,11.36
2026-07-22T10:50:18.750076-04:00,11.0,11.36
2026-07-22T11:00:31.610622-04:00,11.0,11.36
2026-07-22T11:10:22.306167-04:00,11.0,11.36
2026-07-22T11:20:21.061322-04:00,11.0,11.36
2026-07-22T11:30:22.039665-04:00,11.0,11.37
2026-07-22T11:40:19.418521-04:00,11.0,11.37
2026-07-22T11:50:22.323148-04:00,11.0,11.41
2026-07-22T11:56:56.558667-04:00,11.0,11.4
2026-07-22T12:00:30.672631-04:00,11.0,11.38
2026-07-22T12:10:21.910475-04:00,11.0,11.37
2026-07-22T12:20:18.778947-04:00,11.0,11.37
2026-07-22T12:30:21.392599-04:00,11.0,11.37
2026-07-22T12:40:17.841106-04:00,11.0,11.37
2026-07-22T12:50:15.490852-04:00,11.0,11.37
2026-07-22T13:00:30.760591-04:00,11.0,11.37
2026-07-22T13:10:15.667480-04:00,11.0,11.39
2026-07-22T13:14:40.123314-04:00,11.0,11.39
2026-07-22T13:20:15.023984-04:00,11.0,11.37
2026-07-22T13:30:21.791683-04:00,11.0,11.37
2026-07-22T13:40:15.797737-04:00,11.0,11.36
2026-07-22T13:50:20.501631-04:00,11.0,11.36
2026-07-22T14:00:27.322081-04:00,11.0,11.36
2026-07-22T14:10:22.565187-04:00,11.0,11.35
2026-07-22T14:20:16.287424-04:00,11.0,11.35
2026-07-22T14:30:23.109985-04:00,11.0,11.34
2026-07-22T14:35:25.226592-04:00,11.0,11.35
2026-07-22T14:40:21.731870-04:00,11.0,11.35
2026-07-22T14:50:18.305198-04:00,11.0,11.36
2026-07-22T15:00:23.710165-04:00,11.0,11.35
2026-07-22T15:10:17.768630-04:00,11.0,11.35
2026-07-22T15:20:15.447260-04:00,11.0,11.35
2026-07-22T15:30:22.311990-04:00,11.0,11.35
2026-07-22T15:40:16.211661-04:00,11.0,11.36
2026-07-22T15:50:14.812608-04:00,11.0,11.36
2026-07-22T15:56:18.339278-04:00,11.0,11.36
2026-07-22T16:00:24.585999-04:00,11.0,11.35
2026-07-22T16:10:17.496133-04:00,11.0,11.36
2026-07-22T16:20:17.414555-04:00,11.0,11.37
2026-07-22T16:30:30.356430-04:00,11.0,11.38
2026-07-22T16:40:14.814752-04:00,11.0,11.38
2026-07-22T16:50:19.078753-04:00,11.0,11.39
2026-07-22T17:00:27.729560-04:00,11.0,11.42
2026-07-22T17:20:16.427605-04:00,11.0,11.44
2026-07-22T17:30:22.623193-04:00,11.0,11.43
2026-07-22T17:40:14.236869-04:00,11.0,11.43
2026-07-22T17:50:25.932878-04:00,11.0,11.45
2026-07-22T18:00:25.784593-04:00,11.0,11.46
2026-07-22T18:10:18.324342-04:00,11.0,11.47
2026-07-22T18:15:09.224948-04:00,11.0,11.47
2026-07-22T18:20:18.472969-04:00,11.0,11.46
2026-07-22T18:30:24.307592-04:00,11.0,11.46
2026-07-22T18:40:17.488012-04:00,11.0,11.49
2026-07-22T18:50:19.217878-04:00,11.0,11.53
2026-07-22T19:00:20.940468-04:00,11.0,11.51
2026-07-22T19:10:14.561904-04:00,11.0,11.53
2026-07-22T19:16:58.211005-04:00,11.0,11.52
2026-07-22T19:20:22.686532-04:00,11.0,11.52
2026-07-22T19:30:24.758447-04:00,11.0,11.52
2026-07-22T19:40:13.989258-04:00,11.0,11.5
2026-07-22T19:50:14.099867-04:00,11.0,11.52
2026-07-22T20:00:20.073437-04:00,11.0,11.53
2026-07-22T20:10:18.222131-04:00,11.0,11.55
2026-07-22T20:20:17.800786-04:00,11.0,11.55
2026-07-22T20:30:17.837546-04:00,11.0,11.55
2026-07-22T20:40:14.966048-04:00,11.0,11.55
2026-07-22T20:50:15.876432-04:00,11.0,11.55
2026-07-22T20:58:17.168624-04:00,11.0,11.54
2026-07-22T21:00:22.617253-04:00,11.0,11.54
2026-07-22T21:10:15.183000-04:00,11.0,11.53
2026-07-22T21:20:14.566038-04:00,11.0,11.52
2026-07-22T21:30:18.445790-04:00,11.0,11.52
2026-07-22T21:40:14.256589-04:00,11.0,11.52
2026-07-22T21:50:18.928150-04:00,11.0,11.52
2026-07-22T22:00:23.249208-04:00,11.0,11.54
2026-07-22T22:10:18.364107-04:00,11.0,11.54
2026-07-22T22:20:17.335310-04:00,11.0,11.53
2026-07-22T22:30:16.216524-04:00,11.0,11.53
2026-07-22T22:40:14.969355-04:00,11.0,11.53
2026-07-22T22:50:17.914251-04:00,11.0,11.53
2026-07-22T23:00:25.080891-04:00,11.0,11.52
2026-07-22T23:10:15.709301-04:00,11.0,11.51
2026-07-22T23:20:19.292332-04:00,11.0,11.44
2026-07-22T23:30:16.734636-04:00,11.0,11.43
2026-07-22T23:40:16.779160-04:00,11.0,11.45
2026-07-22T23:50:14.386106-04:00,11.0,11.46
2026-07-23T00:00:21.672768-04:00,11.0,11.46
2026-07-23T00:10:14.558967-04:00,11.0,11.47
2026-07-23T00:15:22.072388-04:00,11.0,11.47
2026-07-23T00:20:16.443612-04:00,11.0,11.47
2026-07-23T00:30:21.876599-04:00,11.0,11.47
2026-07-23T00:40:16.080802-04:00,11.0,11.47
2026-07-23T00:50:16.113769-04:00,11.0,11.47
2026-07-23T01:00:26.191793-04:00,11.0,11.47
2026-07-23T01:10:14.456359-04:00,11.0,11.48
2026-07-23T01:20:17.141354-04:00,11.0,11.48
2026-07-23T01:30:20.341797-04:00,11.0,11.47
2026-07-23T01:40:16.716309-04:00,11.0,11.46
2026-07-23T01:50:16.032039-04:00,11.0,11.46
2026-07-23T02:00:19.846531-04:00,11.0,11.46
2026-07-23T02:10:14.927653-04:00,11.0,11.46
2026-07-23T02:20:21.092373-04:00,11.0,11.46
2026-07-23T02:30:20.021838-04:00,11.0,11.46
2026-07-23T02:40:17.847302-04:00,11.0,11.46
2026-07-23T02:44:41.739586-04:00,11.0,11.46
2026-07-23T02:50:15.130376-04:00,11.0,11.46
2026-07-23T03:00:25.292452-04:00,11.0,11.46
2026-07-23T03:10:15.967092-04:00,11.0,11.46
2026-07-23T03:20:14.182447-04:00,11.0,11.46
2026-07-23T03:30:17.957952-04:00,11.0,11.46
2026-07-23T03:40:15.545968-04:00,11.0,11.46
2026-07-23T03:50:15.210830-04:00,11.0,11.46
2026-07-23T04:00:35.811694-04:00,11.0,11.46
2026-07-23T04:10:16.639769-04:00,11.0,11.46
2026-07-23T04:20:18.485352-04:00,11.0,11.46
2026-07-23T04:30:23.582383-04:00,11.0,11.47
2026-07-23T04:40:28.608138-04:00,11.0,11.47
2026-07-23T04:50:17.278190-04:00,11.0,11.47
2026-07-23T05:00:28.247780-04:00,11.0,11.47
2026-07-23T05:10:16.442691-04:00,11.0,11.47
2026-07-23T05:14:17.826592-04:00,11.0,11.47
2026-07-23T05:20:17.825985-04:00,11.0,11.47
2026-07-23T05:30:19.324483-04:00,11.0,11.49
2026-07-23T05:40:17.037414-04:00,11.0,11.49
2026-07-23T05:50:17.472228-04:00,11.0,11.5
2026-07-23T06:00:30.675858-04:00,11.0,11.5
2026-07-23T06:10:18.543182-04:00,11.0,11.5
2026-07-23T06:20:19.690830-04:00,11.0,11.47
2026-07-23T06:30:23.121907-04:00,11.0,11.48
2026-07-23T06:40:15.035995-04:00,11.0,11.47
2026-07-23T06:50:16.019979-04:00,11.0,11.47
2026-07-23T07:00:20.671023-04:00,11.0,11.49
2026-07-23T07:10:14.933935-04:00,11.0,11.49
2026-07-23T07:20:15.051401-04:00,11.0,11.51
2026-07-23T07:20:36.652009-04:00,11.0,11.52
2026-07-23T07:30:20.065540-04:00,11.0,11.51
2026-07-23T07:40:18.425513-04:00,11.0,11.5
2026-07-23T07:50:19.365884-04:00,11.0,11.5
2026-07-23T08:00:27.904307-04:00,11.0,11.51
2026-07-23T08:10:18.350519-04:00,11.13,11.51
2026-07-23T08:20:15.326288-04:00,11.13,11.51
2026-07-23T08:30:26.248416-04:00,11.13,11.51
2026-07-23T08:40:19.386995-04:00,11.13,11.53
2026-07-23T08:50:17.260120-04:00,11.13,11.52
2026-07-23T08:55:38.137810-04:00,11.13,11.51
2026-07-23T09:00:30.111648-04:00,11.13,11.5
2026-07-23T09:10:18.330243-04:00,11.13,11.5
2026-07-23T09:20:21.049563-04:00,11.13,11.51
2026-07-23T09:30:28.829912-04:00,11.13,11.51
2026-07-23T09:40:17.452748-04:00,11.13,11.5
2026-07-23T09:50:19.824425-04:00,11.13,11.48
2026-07-23T10:00:31.484002-04:00,11.13,11.49
2026-07-23T10:10:17.858960-04:00,11.13,11.47
2026-07-23T10:20:15.561979-04:00,11.13,11.46
2026-07-23T10:30:31.625023-04:00,11.13,11.46
2026-07-23T10:40:16.996809-04:00,11.13,11.45
2026-07-23T10:50:18.665905-04:00,11.13,11.46
2026-07-23T11:00:26.152618-04:00,11.13,11.47
2026-07-23T11:04:00.912952-04:00,11.13,11.47
2026-07-23T11:10:19.747430-04:00,11.13,11.47
2026-07-23T11:20:21.601644-04:00,11.13,11.48
2026-07-23T11:30:20.346323-04:00,11.13,11.49
2026-07-23T11:40:17.004636-04:00,11.13,11.49
2026-07-23T11:50:20.594897-04:00,11.13,11.48
2026-07-23T12:00:23.709720-04:00,11.13,11.49
2026-07-23T12:10:16.335648-04:00,11.13,11.5
2026-07-23T12:20:19.827937-04:00,11.13,11.51
2026-07-23T12:30:33.528051-04:00,11.13,11.53
2026-07-23T12:40:17.794952-04:00,11.13,11.52
2026-07-23T12:44:00.975769-04:00,11.13,11.52
2026-07-23T12:50:16.993851-04:00,11.13,11.52
2026-07-23T13:00:28.149330-04:00,11.13,11.53
2026-07-23T13:10:15.874801-04:00,11.13,11.51
2026-07-23T13:20:29.421035-04:00,11.13,11.53
2026-07-23T13:30:21.328756-04:00,11.13,11.53
2026-07-23T13:40:25.538168-04:00,11.13,11.53
2026-07-23T13:50:19.338885-04:00,11.13,11.54
2026-07-23T14:00:22.262182-04:00,11.13,11.53
2026-07-23T14:01:34.172894-04:00,11.13,11.53
2026-07-23T14:10:16.691594-04:00,11.13,11.54
2026-07-23T14:20:15.876434-04:00,11.13,11.54
2026-07-23T14:30:28.056820-04:00,11.13,11.56
2026-07-23T14:40:16.231994-04:00,11.13,11.57
2026-07-23T14:50:25.874704-04:00,11.13,11.58
2026-07-23T15:00:32.416839-04:00,11.13,11.59
2026-07-23T15:10:21.102006-04:00,11.13,11.61
2026-07-23T15:19:31.468042-04:00,11.13,11.61
2026-07-23T15:20:19.987028-04:00,11.13,11.59
2026-07-23T15:30:24.057693-04:00,11.13,11.61
2026-07-23T15:40:16.885431-04:00,11.13,11.62
2026-07-23T15:43:51.485729-04:00,11.13,11.62
2026-07-23T15:50:18.184842-04:00,11.13,11.62
2026-07-23T16:00:23.077387-04:00,11.13,11.63
2026-07-23T16:10:21.484984-04:00,11.13,11.64
2026-07-23T16:20:18.446044-04:00,11.13,11.66
2026-07-23T16:30:24.672872-04:00,11.13,11.67
2026-07-23T16:40:17.923003-04:00,11.13,11.67
2026-07-23T16:43:10.421731-04:00,11.13,11.67
2026-07-23T16:50:15.061230-04:00,11.13,11.64
2026-07-23T17:00:25.977870-04:00,11.13,11.65
2026-07-23T17:10:15.511701-04:00,11.13,11.66
2026-07-23T17:20:17.876666-04:00,11.13,11.66
2026-07-23T17:30:18.228562-04:00,11.13,11.67
2026-07-23T17:40:16.997001-04:00,11.13,11.69
2026-07-23T17:43:22.775215-04:00,11.13,11.7
2026-07-23T17:50:18.276153-04:00,11.13,11.7
2026-07-23T18:00:26.278557-04:00,11.13,11.74
2026-07-23T18:10:18.453998-04:00,11.13,11.74
2026-07-23T18:20:20.335338-04:00,11.13,11.72
2026-07-23T18:30:20.217478-04:00,11.13,11.68
2026-07-23T18:38:28.748137-04:00,11.13,11.68
2026-07-23T18:40:19.657023-04:00,11.13,11.68
2026-07-23T18:50:20.815808-04:00,11.13,11.68
2026-07-23T19:00:21.828783-04:00,11.13,11.7
2026-07-23T19:10:15.479278-04:00,11.13,11.7
2026-07-23T19:20:16.956193-04:00,11.13,11.71
2026-07-23T19:30:18.620066-04:00,11.13,11.71
2026-07-23T19:37:00.130556-04:00,11.13,11.71
2026-07-23T19:40:16.231371-04:00,11.13,11.71
2026-07-23T19:50:20.078286-04:00,11.13,11.68
2026-07-23T20:00:24.068234-04:00,11.13,11.68
2026-07-23T20:10:18.155934-04:00,11.13,11.68
2026-07-23T20:20:16.593584-04:00,11.13,11.69
2026-07-23T20:30:22.738805-04:00,11.13,11.72
2026-07-23T20:40:21.277226-04:00,11.13,11.72
2026-07-23T20:50:15.462022-04:00,11.13,11.71
2026-07-23T21:00:22.947904-04:00,11.13,11.7
2026-07-23T21:06:40.069838-04:00,11.13,11.7
2026-07-23T21:10:18.031988-04:00,11.13,11.7
2026-07-23T21:20:19.349928-04:00,11.13,11.69
2026-07-23T21:30:25.532542-04:00,11.13,11.68
2026-07-23T21:40:15.414489-04:00,11.13,11.68
2026-07-23T21:50:15.106924-04:00,11.13,11.69
2026-07-23T22:00:25.809884-04:00,11.13,11.69
2026-07-23T22:10:17.911714-04:00,11.13,11.69
2026-07-23T22:20:23.541110-04:00,11.13,11.69
2026-07-23T22:30:20.944199-04:00,11.13,11.69
2026-07-23T22:40:14.715372-04:00,11.13,11.71
2026-07-23T22:50:15.682347-04:00,11.13,11.71
2026-07-23T23:00:23.364635-04:00,11.13,11.72
2026-07-23T23:10:19.991435-04:00,11.13,11.72
2026-07-23T23:20:16.896550-04:00,11.13,11.72
2026-07-23T23:30:20.462899-04:00,11.13,11.71
2026-07-23T23:40:17.161204-04:00,11.13,11.71
2026-07-23T23:50:16.822664-04:00,11.13,11.71
2026-07-24T00:00:30.048602-04:00,11.13,11.7
2026-07-24T00:10:20.868045-04:00,11.13,11.7
2026-07-24T00:20:19.398974-04:00,11.13,11.71
2026-07-24T00:30:02.242878-04:00,11.13,11.71
2026-07-24T00:30:19.279720-04:00,11.13,11.71
2026-07-24T00:40:20.527220-04:00,11.13,11.71
2026-07-24T00:50:18.501570-04:00,11.13,11.7
2026-07-24T01:00:24.233470-04:00,11.13,11.7
2026-07-24T01:10:18.640874-04:00,11.13,11.7
2026-07-24T01:20:17.290611-04:00,11.13,11.7
2026-07-24T01:30:21.113861-04:00,11.13,11.7
2026-07-24T01:40:17.466680-04:00,11.13,11.7
2026-07-24T01:50:15.092258-04:00,11.13,11.7
2026-07-24T02:00:22.961654-04:00,11.13,11.7
2026-07-24T02:10:16.746777-04:00,11.13,11.7
2026-07-24T02:20:20.657022-04:00,11.13,11.7
2026-07-24T02:30:20.999875-04:00,11.13,11.7
2026-07-24T02:40:18.023065-04:00,11.13,11.7
2026-07-24T02:50:19.438185-04:00,11.13,11.7
2026-07-24T03:00:38.321571-04:00,11.13,11.7
2026-07-24T03:10:07.234433-04:00,11.13,11.7
2026-07-24T03:20:20.369542-04:00,11.13,11.7
2026-07-24T03:30:22.081774-04:00,11.13,11.7
2026-07-24T03:40:17.590700-04:00,11.13,11.7
2026-07-24T03:50:17.383497-04:00,11.13,11.7
2026-07-24T04:00:28.189288-04:00,11.13,11.7
2026-07-24T04:10:19.066079-04:00,11.13,11.7
2026-07-24T04:20:16.163869-04:00,11.13,11.7
2026-07-24T04:30:22.717048-04:00,11.13,11.7
2026-07-24T04:40:15.993597-04:00,11.13,11.7
2026-07-24T04:50:19.926264-04:00,11.13,11.7
2026-07-24T05:00:28.872903-04:00,11.13,11.7
2026-07-24T05:10:20.348008-04:00,11.13,11.7
2026-07-24T05:20:19.712967-04:00,11.13,11.7
2026-07-24T05:30:21.631965-04:00,11.13,11.7
2026-07-24T05:31:50.554415-04:00,11.13,11.7
2026-07-24T05:40:16.325802-04:00,11.13,11.7
2026-07-24T05:50:20.570077-04:00,11.13,11.71
2026-07-24T06:00:28.409428-04:00,11.13,11.7
2026-07-24T06:10:18.358167-04:00,11.13,11.7
2026-07-24T06:20:17.814524-04:00,11.13,11.7
2026-07-24T06:30:23.975249-04:00,11.13,11.7
2026-07-24T06:40:15.283570-04:00,11.13,11.7
2026-07-24T06:50:16.084426-04:00,11.13,11.71
2026-07-24T07:00:20.207865-04:00,11.13,11.71
2026-07-24T07:10:18.925374-04:00,11.13,11.72
2026-07-24T07:20:17.063853-04:00,11.13,11.72
2026-07-24T07:23:16.124153-04:00,11.13,11.72
2026-07-24T07:30:21.385454-04:00,11.13,11.72
2026-07-24T07:40:18.671458-04:00,11.13,11.7
2026-07-24T07:50:24.793720-04:00,11.13,11.7
2026-07-24T08:00:27.998278-04:00,11.13,11.71
2026-07-24T08:10:19.771606-04:00,11.21,11.69
2026-07-24T08:20:21.147533-04:00,11.21,11.69
2026-07-24T08:30:20.408066-04:00,11.21,11.7
2026-07-24T08:40:19.322685-04:00,11.21,11.7
2026-07-24T08:50:24.892452-04:00,11.21,11.69
2026-07-24T08:53:43.875028-04:00,11.21,11.69
2026-07-24T09:00:26.091679-04:00,11.21,11.71
2026-07-24T09:10:25.818577-04:00,11.21,11.72
2026-07-24T09:20:15.531198-04:00,11.21,11.72
2026-07-24T09:30:23.474174-04:00,11.21,11.72
2026-07-24T09:40:18.209095-04:00,11.21,11.72
2026-07-24T09:50:19.764856-04:00,11.21,11.72
2026-07-24T10:00:28.763403-04:00,11.21,11.72
2026-07-24T10:10:21.413555-04:00,11.21,11.73
2026-07-24T10:20:18.026888-04:00,11.21,11.72
2026-07-24T10:30:24.340849-04:00,11.21,11.72
2026-07-24T10:40:15.439013-04:00,11.21,11.73
2026-07-24T10:47:03.235785-04:00,11.21,11.73
2026-07-24T10:50:19.040229-04:00,11.21,11.72
2026-07-24T11:00:31.778522-04:00,11.21,11.72
2026-07-24T11:10:22.457682-04:00,11.21,11.73
2026-07-24T11:20:18.387747-04:00,11.21,11.75
2026-07-24T11:30:21.026614-04:00,11.21,11.75
2026-07-24T11:40:16.104877-04:00,11.21,11.76
2026-07-24T11:50:15.323775-04:00,11.21,11.77
2026-07-24T12:00:37.700124-04:00,11.21,11.75
2026-07-24T12:10:24.947814-04:00,11.21,11.76
2026-07-24T12:20:19.141015-04:00,11.21,11.74
2026-07-24T12:30:27.331698-04:00,11.21,11.75
2026-07-24T12:40:22.275518-04:00,11.21,11.74
2026-07-24T12:50:21.602413-04:00,11.21,11.72
2026-07-24T13:00:28.208009-04:00,11.21,11.72
2026-07-24T13:10:24.785481-04:00,11.21,11.74
2026-07-24T13:20:20.736353-04:00,11.21,11.75
2026-07-24T13:30:19.859954-04:00,11.21,11.76
2026-07-24T13:40:18.924787-04:00,11.21,11.76
2026-07-24T13:50:22.751939-04:00,11.21,11.74
2026-07-24T13:57:44.304720-04:00,11.21,11.75
2026-07-24T14:00:26.116426-04:00,11.21,11.75
2026-07-24T14:10:20.331281-04:00,11.21,11.76
2026-07-24T14:20:16.412788-04:00,11.21,11.73
2026-07-24T14:30:17.384015-04:00,11.21,11.74
2026-07-24T14:40:16.957367-04:00,11.21,11.76
2026-07-24T14:50:17.668029-04:00,11.21,11.76
2026-07-24T15:00:23.359433-04:00,11.21,11.78
2026-07-24T15:10:16.557559-04:00,11.21,11.78
2026-07-24T15:20:16.185614-04:00,11.21,11.79
2026-07-24T15:23:52.475991-04:00,11.21,11.78
2026-07-24T15:30:22.922847-04:00,11.21,11.78
2026-07-24T15:40:16.244995-04:00,11.21,11.79
2026-07-24T15:50:16.472888-04:00,11.21,11.79
2026-07-24T16:00:27.832332-04:00,11.21,11.8
2026-07-24T16:10:16.305298-04:00,11.21,11.79
2026-07-24T16:20:16.514858-04:00,11.21,11.79
2026-07-24T16:30:22.395303-04:00,11.21,11.77
2026-07-24T16:40:22.529194-04:00,11.21,11.77
2026-07-24T16:45:00.571731-04:00,11.21,11.78
2026-07-24T16:50:16.848303-04:00,11.21,11.8
2026-07-24T17:00:27.806704-04:00,11.21,11.79
2026-07-24T17:10:14.588106-04:00,11.21,11.78
2026-07-24T17:20:15.310192-04:00,11.21,11.77
2026-07-24T17:30:19.572777-04:00,11.21,11.79
2026-07-24T17:40:15.575353-04:00,11.21,11.78
2026-07-24T17:46:43.849450-04:00,11.21,11.78
2026-07-24T17:50:17.743431-04:00,11.21,11.78
2026-07-24T18:00:24.924310-04:00,11.21,11.79
2026-07-24T18:10:24.755568-04:00,11.21,11.8
2026-07-24T18:20:17.799244-04:00,11.21,11.8
2026-07-24T18:30:20.269781-04:00,11.21,11.8
2026-07-24T18:40:16.852939-04:00,11.21,11.81
2026-07-24T18:50:20.646703-04:00,11.21,11.79
2026-07-24T18:54:43.415768-04:00,11.21,11.79
2026-07-24T19:00:33.000324-04:00,11.21,11.78
2026-07-24T19:10:25.530298-04:00,11.21,11.77
2026-07-24T19:20:19.496747-04:00,11.21,11.76
2026-07-24T19:30:17.874363-04:00,11.21,11.76
2026-07-24T19:40:19.148665-04:00,11.21,11.77
2026-07-24T19:50:19.464926-04:00,11.21,11.76
2026-07-24T19:57:32.125416-04:00,11.21,11.77
2026-07-24T20:00:40.181964-04:00,11.21,11.77
2026-07-24T20:10:19.184168-04:00,11.21,11.8
2026-07-24T20:20:20.163592-04:00,11.21,11.78
2026-07-24T20:30:17.389497-04:00,11.21,11.78
2026-07-24T20:40:18.502730-04:00,11.21,11.78
2026-07-24T20:50:16.782492-04:00,11.21,11.78
2026-07-24T21:00:29.147702-04:00,11.21,11.78
2026-07-24T21:10:16.655570-04:00,11.21,11.78
2026-07-24T21:20:22.218286-04:00,11.21,11.76
2026-07-24T21:30:16.356415-04:00,11.21,11.76
2026-07-24T21:40:20.204015-04:00,11.21,11.77
2026-07-24T21:50:17.852414-04:00,11.21,11.78
2026-07-24T22:00:26.074442-04:00,11.21,11.78
2026-07-24T22:10:17.314577-04:00,11.21,11.79
2026-07-24T22:20:18.299949-04:00,11.21,11.79
2026-07-24T22:30:20.009532-04:00,11.21,11.79
2026-07-24T22:30:59.520971-04:00,11.21,11.79
2026-07-24T22:40:20.430968-04:00,11.21,11.79
2026-07-24T22:50:22.688912-04:00,11.21,11.79
2026-07-24T23:00:28.560855-04:00,11.21,11.8
2026-07-24T23:10:16.977215-04:00,11.21,11.79
2026-07-24T23:20:15.227862-04:00,11.21,11.79
2026-07-24T23:30:17.818773-04:00,11.21,11.78
2026-07-24T23:40:17.101787-04:00,11.21,11.78
2026-07-24T23:50:15.989080-04:00,11.21,11.78
2026-07-25T00:01:41.336320-04:00,11.21,11.77
2026-07-25T00:10:14.935609-04:00,11.21,11.77
2026-07-25T00:20:22.672868-04:00,11.21,11.77
2026-07-25T00:30:18.429966-04:00,11.21,11.78
2026-07-25T00:40:15.368919-04:00,11.21,11.78
2026-07-25T00:50:17.697368-04:00,11.21,11.77
2026-07-25T01:00:21.368545-04:00,11.21,11.77
2026-07-25T01:10:20.376830-04:00,11.21,11.77
2026-07-25T01:20:19.737413-04:00,11.21,11.77
2026-07-25T01:30:22.351626-04:00,11.21,11.77
2026-07-25T01:31:13.758117-04:00,11.21,11.77
2026-07-25T01:40:20.608449-04:00,11.21,11.77
2026-07-25T01:50:18.574945-04:00,11.21,11.77
2026-07-25T02:00:23.924811-04:00,11.21,11.77
2026-07-25T02:10:16.988183-04:00,11.21,11.77
2026-07-25T02:20:18.803175-04:00,11.21,11.77
2026-07-25T02:30:22.361938-04:00,11.21,11.77
2026-07-25T02:40:19.002524-04:00,11.21,11.77
2026-07-25T02:50:18.450174-04:00,11.21,11.77
2026-07-25T03:00:23.866266-04:00,11.21,11.77
2026-07-25T03:10:17.041327-04:00,11.21,11.77
2026-07-25T03:20:15.437042-04:00,11.21,11.77
2026-07-25T03:30:19.973422-04:00,11.21,11.77
2026-07-25T03:36:15.191507-04:00,11.21,11.77
2026-07-25T03:40:19.890011-04:00,11.21,11.77
2026-07-25T03:50:19.362017-04:00,11.21,11.77
2026-07-25T04:00:22.327144-04:00,11.21,11.77
2026-07-25T04:10:15.567853-04:00,11.21,11.77
2026-07-25T04:20:18.759364-04:00,11.21,11.77
2026-07-25T04:30:18.987757-04:00,11.21,11.77
2026-07-25T04:40:18.650761-04:00,11.21,11.77
2026-07-25T04:50:17.775675-04:00,11.21,11.77
2026-07-25T05:00:27.497996-04:00,11.21,11.77
2026-07-25T05:10:20.196103-04:00,11.21,11.78
2026-07-25T05:20:19.957073-04:00,11.21,11.78
2026-07-25T05:21:12.160606-04:00,11.21,11.78
2026-07-25T05:30:18.899771-04:00,11.21,11.78
2026-07-25T05:40:16.985534-04:00,11.21,11.78
2026-07-25T05:50:18.407127-04:00,11.21,11.78
2026-07-25T06:01:34.691798-04:00,11.21,11.78
2026-07-25T06:10:16.312442-04:00,11.21,11.78
2026-07-25T06:20:20.087012-04:00,11.21,11.78
2026-07-25T06:30:23.561349-04:00,11.21,11.78
2026-07-25T06:40:18.478770-04:00,11.21,11.78
2026-07-25T06:50:16.554723-04:00,11.21,11.79
2026-07-25T06:50:53.775900-04:00,11.21,11.79
2026-07-25T07:00:22.470433-04:00,11.21,11.79
2026-07-25T07:10:18.486231-04:00,11.21,11.79
2026-07-25T07:20:15.155470-04:00,11.21,11.8
2026-07-25T07:30:16.409226-04:00,11.21,11.8
2026-07-25T07:40:16.231794-04:00,11.21,11.8
2026-07-25T07:50:16.716895-04:00,11.21,11.79
2026-07-25T07:58:05.535655-04:00,11.21,11.78
2026-07-25T08:00:25.383153-04:00,11.21,11.78
2026-07-25T08:10:14.611497-04:00,11.37,11.79
2026-07-25T08:20:21.284261-04:00,11.37,11.79
2026-07-25T08:30:23.934170-04:00,11.37,11.79
2026-07-25T08:40:19.557858-04:00,11.37,11.79
2026-07-25T08:50:16.843953-04:00,11.37,11.79
2026-07-25T09:00:23.038294-04:00,11.37,11.79
2026-07-25T09:10:30.428041-04:00,11.37,11.79
2026-07-25T09:20:16.616851-04:00,11.37,11.79
2026-07-25T09:25:56.802719-04:00,11.37,11.79
2026-07-25T09:30:18.254966-04:00,11.37,11.79
2026-07-25T09:40:14.359110-04:00,11.37,11.78
2026-07-25T09:50:16.566896-04:00,11.37,11.78
2026-07-25T10:00:22.221237-04:00,11.37,11.78
2026-07-25T10:10:15.257517-04:00,11.37,11.76
2026-07-25T10:20:16.610926-04:00,11.37,11.78
2026-07-25T10:30:17.015374-04:00,11.37,11.78
2026-07-25T10:40:21.990937-04:00,11.37,11.78
2026-07-25T10:45:31.132480-04:00,11.37,11.78
2026-07-25T10:50:17.455882-04:00,11.37,11.78
2026-07-25T11:00:22.496319-04:00,11.37,11.76
2026-07-25T11:10:19.438512-04:00,11.37,11.75
2026-07-25T11:20:19.725286-04:00,11.37,11.75
2026-07-25T11:30:19.753658-04:00,11.37,11.74
2026-07-25T11:40:19.367347-04:00,11.37,11.69
2026-07-25T11:50:19.521201-04:00,11.37,11.7
2026-07-25T11:58:28.017184-04:00,11.37,11.72
2026-07-25T12:00:21.005183-04:00,11.37,11.72
2026-07-25T12:10:19.163651-04:00,11.37,11.72
2026-07-25T12:20:19.046966-04:00,11.37,11.72
2026-07-25T12:30:16.733455-04:00,11.37,11.72
2026-07-25T12:40:19.035859-04:00,11.37,11.74
2026-07-25T12:50:16.879396-04:00,11.37,11.73
2026-07-25T12:58:56.749600-04:00,11.37,11.74
2026-07-25T13:00:21.999585-04:00,11.37,11.75
2026-07-25T13:10:18.526375-04:00,11.37,11.75
2026-07-25T13:20:17.683878-04:00,11.37,11.76
2026-07-25T13:30:21.394017-04:00,11.37,11.76
2026-07-25T13:40:17.122187-04:00,11.37,11.74
2026-07-25T13:50:17.306217-04:00,11.37,11.75
2026-07-25T13:59:21.589932-04:00,11.37,11.69
2026-07-25T14:00:21.575448-04:00,11.37,11.69
2026-07-25T14:10:19.510957-04:00,11.37,11.71
2026-07-25T14:20:17.356426-04:00,11.37,11.72
2026-07-25T14:30:19.060557-04:00,11.37,11.72
2026-07-25T14:40:21.341141-04:00,11.37,11.7
2026-07-25T14:50:19.245720-04:00,11.37,11.68
2026-07-25T15:00:24.901363-04:00,11.37,11.69
2026-07-25T15:10:18.241377-04:00,11.37,11.68
2026-07-25T15:12:36.006627-04:00,11.37,11.67
2026-07-25T15:20:18.565672-04:00,11.37,11.67
2026-07-25T15:30:18.975280-04:00,11.37,11.64
2026-07-25T15:40:19.089423-04:00,11.37,11.64
2026-07-25T15:50:19.069223-04:00,11.37,11.64
2026-07-25T16:00:20.890143-04:00,11.37,11.63
2026-07-25T16:10:17.496881-04:00,11.37,11.55
2026-07-25T16:15:29.315317-04:00,11.37,11.53
2026-07-25T16:20:15.942296-04:00,11.37,11.57
2026-07-25T16:30:18.464777-04:00,11.37,11.54
2026-07-25T16:40:16.563883-04:00,11.37,11.5
2026-07-25T16:50:19.453450-04:00,11.37,11.51
2026-07-25T17:00:22.550559-04:00,11.37,11.55
2026-07-25T17:10:18.887733-04:00,11.37,11.53
2026-07-25T17:20:18.967014-04:00,11.37,11.55
2026-07-25T17:22:47.164035-04:00,11.37,11.55
2026-07-25T17:30:20.092961-04:00,11.37,11.56
2026-07-25T17:40:17.041989-04:00,11.37,11.56
2026-07-25T17:50:18.835992-04:00,11.37,11.54
2026-07-25T18:00:25.110765-04:00,11.37,11.54
2026-07-25T18:10:16.084796-04:00,11.37,11.5
2026-07-25T18:20:17.290006-04:00,11.37,11.43
2026-07-25T18:24:07.412114-04:00,11.37,11.41
2026-07-25T18:30:19.625295-04:00,11.37,11.41
2026-07-25T18:40:17.964464-04:00,11.37,11.38
2026-07-25T18:50:21.955274-04:00,11.37,11.42
2026-07-25T19:00:21.648755-04:00,11.37,11.45
2026-07-25T19:10:17.728131-04:00,11.37,11.46
2026-07-25T19:20:22.992766-04:00,11.37,11.46
2026-07-25T19:27:43.910401-04:00,11.37,11.45
2026-07-25T19:30:19.799784-04:00,11.37,11.43
2026-07-25T19:40:19.037488-04:00,11.37,11.39
2026-07-25T19:50:17.213555-04:00,11.37,11.4
2026-07-25T20:00:27.276868-04:00,11.37,11.42
2026-07-25T20:10:19.768815-04:00,11.37,11.42
2026-07-25T20:20:17.706666-04:00,11.37,11.43
2026-07-25T20:31:30.717445-04:00,11.37,11.48
2026-07-25T20:40:19.635954-04:00,11.37,11.54
2026-07-25T20:50:19.953526-04:00,11.37,11.52
2026-07-25T21:00:22.365155-04:00,11.37,11.49
2026-07-25T21:06:31.670306-04:00,11.37,11.51
2026-07-25T21:10:18.630927-04:00,11.37,11.49
2026-07-25T21:20:17.289062-04:00,11.37,11.47
2026-07-25T21:30:19.773497-04:00,11.37,11.53
2026-07-25T21:40:18.468342-04:00,11.37,11.54
2026-07-25T21:50:15.830120-04:00,11.37,11.54
2026-07-25T22:00:22.507515-04:00,11.37,11.54
2026-07-25T22:10:19.748556-04:00,11.37,11.54
2026-07-25T22:20:18.572173-04:00,11.37,11.52
2026-07-25T22:30:21.917853-04:00,11.37,11.52
2026-07-25T22:40:15.888209-04:00,11.37,11.52
2026-07-25T22:50:20.038527-04:00,11.37,11.52
2026-07-25T23:00:25.897500-04:00,11.37,11.54
2026-07-25T23:10:20.473331-04:00,11.37,11.56
2026-07-25T23:20:14.580915-04:00,11.37,11.57
2026-07-25T23:30:20.775306-04:00,11.37,11.58
2026-07-25T23:40:18.122341-04:00,11.37,11.58
2026-07-25T23:50:16.868324-04:00,11.37,11.58
2026-07-26T00:00:21.416037-04:00,11.37,11.58
2026-07-26T00:10:15.986007-04:00,11.37,11.57
2026-07-26T00:20:16.862654-04:00,11.37,11.57
2026-07-26T00:30:18.949616-04:00,11.37,11.57
2026-07-26T00:38:07.608803-04:00,11.37,11.57
2026-07-26T00:40:15.063492-04:00,11.37,11.57
2026-07-26T00:50:18.493569-04:00,11.37,11.55
2026-07-26T01:00:20.328246-04:00,11.37,11.55
2026-07-26T01:10:16.995691-04:00,11.37,11.55
2026-07-26T01:20:19.511362-04:00,11.37,11.56
2026-07-26T01:30:23.764894-04:00,11.37,11.56
2026-07-26T01:40:16.398065-04:00,11.37,11.55
2026-07-26T01:50:16.174890-04:00,11.37,11.55
2026-07-26T02:00:23.244853-04:00,11.37,11.55
2026-07-26T02:10:19.421178-04:00,11.37,11.55
2026-07-26T02:20:15.373871-04:00,11.37,11.55
2026-07-26T02:30:22.344248-04:00,11.37,11.55
2026-07-26T02:40:14.945003-04:00,11.37,11.55
2026-07-26T02:50:18.501224-04:00,11.37,11.55
2026-07-26T03:00:23.664599-04:00,11.37,11.55
2026-07-26T03:10:18.925475-04:00,11.37,11.55
2026-07-26T03:18:06.622902-04:00,11.37,11.55
2026-07-26T03:20:18.408360-04:00,11.37,11.55
2026-07-26T03:30:19.383976-04:00,11.37,11.55
2026-07-26T03:40:15.410181-04:00,11.37,11.55
2026-07-26T03:50:17.853170-04:00,11.37,11.55
2026-07-26T04:00:23.008407-04:00,11.37,11.55
2026-07-26T04:10:16.984609-04:00,11.37,11.55
2026-07-26T04:20:18.489639-04:00,11.37,11.54
2026-07-26T04:30:17.563576-04:00,11.37,11.54
2026-07-26T04:40:17.050910-04:00,11.37,11.54
2026-07-26T04:50:15.737855-04:00,11.37,11.52
2026-07-26T05:00:25.550116-04:00,11.37,11.52
2026-07-26T05:10:18.980292-04:00,11.37,11.52
2026-07-26T05:20:17.613890-04:00,11.37,11.52
2026-07-26T05:30:09.381907-04:00,11.37,11.5
2026-07-26T05:40:21.134689-04:00,11.37,11.5
2026-07-26T05:50:16.446636-04:00,11.37,11.52
2026-07-26T06:00:24.966051-04:00,11.37,11.52
2026-07-26T06:10:16.993901-04:00,11.37,11.52
2026-07-26T06:20:16.002490-04:00,11.37,11.52
2026-07-26T06:30:19.897215-04:00,11.37,11.52
2026-07-26T06:40:14.892656-04:00,11.37,11.52
2026-07-26T06:50:17.813191-04:00,11.37,11.52
2026-07-26T07:00:20.580940-04:00,11.37,11.54
2026-07-26T07:03:53.194302-04:00,11.37,11.54
2026-07-26T07:10:18.698128-04:00,11.37,11.53
2026-07-26T07:20:16.316370-04:00,11.37,11.55
2026-07-26T07:30:17.609324-04:00,11.37,11.57
2026-07-26T07:40:16.586637-04:00,11.37,11.58
2026-07-26T07:50:15.071991-04:00,11.37,11.58
2026-07-26T08:00:23.708625-04:00,11.37,11.55
2026-07-26T08:10:18.424166-04:00,11.37,11.56
2026-07-26T08:14:46.921415-04:00,11.37,11.56
2026-07-26T08:20:16.602889-04:00,11.37,11.54
2026-07-26T08:30:22.954719-04:00,11.37,11.5
2026-07-26T08:40:16.195610-04:00,11.37,11.5
2026-07-26T08:50:16.557439-04:00,11.37,11.5
2026-07-26T09:00:22.863782-04:00,11.37,11.5
2026-07-26T09:10:17.321651-04:00,11.37,11.5
2026-07-26T09:20:17.235536-04:00,11.37,11.5
2026-07-26T09:30:18.678756-04:00,11.37,11.52
2026-07-26T09:40:15.230694-04:00,11.37,11.5
2026-07-26T09:50:16.035070-04:00,11.37,11.5
2026-07-26T09:58:29.339067-04:00,11.37,11.5
2026-07-26T10:00:22.143453-04:00,11.37,11.5
2026-07-26T10:10:19.003726-04:00,11.37,11.48
2026-07-26T10:20:16.291776-04:00,11.37,11.48
2026-07-26T10:30:23.743044-04:00,11.37,11.49
2026-07-26T10:40:15.687303-04:00,11.37,11.52
2026-07-26T10:50:18.818250-04:00,11.37,11.51
2026-07-26T11:00:24.291762-04:00,11.37,11.52
2026-07-26T11:05:56.312606-04:00,11.37,11.52
2026-07-26T11:10:19.315060-04:00,11.37,11.52
2026-07-26T11:20:17.524220-04:00,11.37,11.53
2026-07-26T11:30:20.095036-04:00,11.37,11.54
2026-07-26T11:40:20.038165-04:00,11.37,11.54
2026-07-26T11:50:17.338905-04:00,11.37,11.53
2026-07-26T12:00:24.305801-04:00,11.37,11.53
2026-07-26T12:10:16.698239-04:00,11.37,11.53
2026-07-26T12:13:20.243954-04:00,11.37,11.53
2026-07-26T12:20:16.421670-04:00,11.37,11.53
2026-07-26T12:30:25.427935-04:00,11.37,11.54
2026-07-26T12:40:16.284793-04:00,11.37,11.54
2026-07-26T12:50:16.944528-04:00,11.37,11.53
2026-07-26T13:00:22.351082-04:00,11.37,11.53
2026-07-26T13:10:17.628525-04:00,11.37,11.52
2026-07-26T13:15:21.633423-04:00,11.37,11.52
2026-07-26T13:20:15.947714-04:00,11.37,11.52
2026-07-26T13:30:21.162033-04:00,11.37,11.52
2026-07-26T13:40:17.944219-04:00,11.37,11.52
2026-07-26T13:50:19.037483-04:00,11.37,11.54
2026-07-26T14:00:22.881912-04:00,11.37,11.54
2026-07-26T14:10:17.538256-04:00,11.37,11.54
2026-07-26T14:20:15.568410-04:00,11.37,11.55
2026-07-26T14:29:52.179278-04:00,11.37,11.55
2026-07-26T14:30:18.486486-04:00,11.37,11.55
2026-07-26T14:40:17.493094-04:00,11.37,11.55
2026-07-26T14:50:19.286384-04:00,11.37,11.55
2026-07-26T15:00:19.982131-04:00,11.37,11.55
2026-07-26T15:10:15.336765-04:00,11.37,11.56
2026-07-26T15:20:16.780763-04:00,11.37,11.56
2026-07-26T15:30:16.794295-04:00,11.37,11.56
2026-07-26T15:40:17.730411-04:00,11.37,11.56
2026-07-26T15:44:48.610964-04:00,11.37,11.56
2026-07-26T15:50:17.903426-04:00,11.37,11.56
2026-07-26T16:00:19.949584-04:00,11.37,11.55
2026-07-26T16:10:17.022346-04:00,11.37,11.54
2026-07-26T16:20:16.521856-04:00,11.37,11.54
2026-07-26T16:30:16.512932-04:00,11.37,11.55
2026-07-26T16:38:11.602690-04:00,11.37,11.55
2026-07-26T16:40:17.241415-04:00,11.37,11.55
2026-07-26T16:50:18.551777-04:00,11.37,11.56
2026-07-26T17:00:25.887070-04:00,11.37,11.56
2026-07-26T17:10:17.792052-04:00,11.37,11.56
2026-07-26T17:20:18.755078-04:00,11.37,11.57
2026-07-26T17:30:22.235636-04:00,11.37,11.58
2026-07-26T17:36:52.560633-04:00,11.37,11.59
2026-07-26T17:40:15.511400-04:00,11.37,11.59
2026-07-26T17:50:18.914536-04:00,11.37,11.58
2026-07-26T18:00:26.054129-04:00,11.37,11.59
2026-07-26T18:10:20.257774-04:00,11.37,11.59
2026-07-26T18:20:22.389362-04:00,11.37,11.61
2026-07-26T18:30:19.043745-04:00,11.37,11.63
2026-07-26T18:39:54.145762-04:00,11.37,11.64
2026-07-26T18:40:20.138100-04:00,11.37,11.64
2026-07-26T18:50:15.263539-04:00,11.37,11.62
2026-07-26T19:00:23.114191-04:00,11.37,11.62
2026-07-26T19:10:19.510683-04:00,11.37,11.64
2026-07-26T19:20:15.534178-04:00,11.37,11.67
2026-07-26T19:30:20.767289-04:00,11.37,11.7
2026-07-26T19:39:52.902277-04:00,11.37,11.68
2026-07-26T19:40:14.847365-04:00,11.37,11.7
2026-07-26T19:50:15.323982-04:00,11.37,11.68
2026-07-26T20:00:23.768248-04:00,11.37,11.68
2026-07-26T20:10:16.384431-04:00,11.37,11.67
2026-07-26T20:20:17.196027-04:00,11.37,11.67
2026-07-26T20:30:19.115965-04:00,11.37,11.65
2026-07-26T20:40:16.019004-04:00,11.37,11.63
2026-07-26T20:50:16.541596-04:00,11.37,11.61
2026-07-26T21:00:26.886612-04:00,11.37,11.61
2026-07-26T21:10:17.562101-04:00,11.37,11.6
2026-07-26T21:17:12.840020-04:00,11.37,11.6
2026-07-26T21:20:20.815402-04:00,11.37,11.6
2026-07-26T21:30:19.129515-04:00,11.37,11.61
2026-07-26T21:40:16.329253-04:00,11.37,11.61
2026-07-26T21:50:20.008623-04:00,11.37,11.62
2026-07-26T22:00:21.553140-04:00,11.37,11.63
2026-07-26T22:10:17.012211-04:00,11.37,11.63
2026-07-26T22:20:15.678686-04:00,11.37,11.64
2026-07-26T22:30:17.889422-04:00,11.37,11.64
2026-07-26T22:40:19.962353-04:00,11.37,11.64
2026-07-26T22:50:16.158332-04:00,11.37,11.63
2026-07-26T23:00:21.054102-04:00,11.37,11.64
2026-07-26T23:10:43.619893-04:00,11.37,11.65
2026-07-26T23:20:17.514443-04:00,11.37,11.65
2026-07-26T23:30:20.949096-04:00,11.37,11.64
2026-07-26T23:40:19.762174-04:00,11.37,11.65
2026-07-26T23:50:15.016442-04:00,11.37,11.65
2026-07-27T00:00:25.984946-04:00,11.37,11.64
2026-07-27T00:10:18.521728-04:00,11.37,11.64
2026-07-27T00:20:23.601654-04:00,11.37,11.65
2026-07-27T00:30:18.506469-04:00,11.37,11.64
2026-07-27T00:40:20.580316-04:00,11.37,11.64
2026-07-27T00:50:17.201006-04:00,11.37,11.64
2026-07-27T01:00:24.690777-04:00,11.37,11.64
2026-07-27T01:04:08.731701-04:00,11.37,11.64
2026-07-27T01:10:19.522134-04:00,11.37,11.64
2026-07-27T01:20:16.177547-04:00,11.37,11.64
2026-07-27T01:30:18.612211-04:00,11.37,11.63
2026-07-27T01:40:16.353846-04:00,11.37,11.63
2026-07-27T01:50:17.286869-04:00,11.37,11.63
2026-07-27T02:00:27.779793-04:00,11.37,11.63
2026-07-27T02:10:15.082800-04:00,11.37,11.64
2026-07-27T02:20:16.361011-04:00,11.37,11.64
2026-07-27T02:30:21.117795-04:00,11.37,11.64
2026-07-27T02:40:16.091761-04:00,11.37,11.64
2026-07-27T02:50:15.920298-04:00,11.37,11.64
2026-07-27T03:00:31.143839-04:00,11.37,11.64
2026-07-27T03:10:21.432303-04:00,11.37,11.64
2026-07-27T03:20:18.487191-04:00,11.37,11.64
2026-07-27T03:30:27.969519-04:00,11.37,11.64
2026-07-27T03:40:26.579704-04:00,11.37,11.64
2026-07-27T03:50:18.520733-04:00,11.37,11.64
2026-07-27T04:00:22.562260-04:00,11.37,11.64
2026-07-27T04:10:17.112822-04:00,11.37,11.64
2026-07-27T04:20:18.506162-04:00,11.37,11.64
2026-07-27T04:30:23.293585-04:00,11.37,11.64
2026-07-27T04:40:17.853046-04:00,11.37,11.64
2026-07-27T04:45:53.678730-04:00,11.37,11.64
2026-07-27T04:50:17.129972-04:00,11.37,11.64
2026-07-27T05:00:27.178935-04:00,11.37,11.64
2026-07-27T05:10:17.966547-04:00,11.37,11.64
2026-07-27T05:20:17.898988-04:00,11.37,11.64
2026-07-27T05:30:25.410631-04:00,11.37,11.64
2026-07-27T05:40:18.100224-04:00,11.37,11.64
2026-07-27T05:50:16.201056-04:00,11.37,11.64
2026-07-27T06:00:30.150697-04:00,11.37,11.63
2026-07-27T06:10:17.069194-04:00,11.37,11.63
2026-07-27T06:20:19.028630-04:00,11.37,11.63
2026-07-27T06:30:23.946825-04:00,11.37,11.64
2026-07-27T06:40:23.363220-04:00,11.37,11.64
2026-07-27T06:50:16.221002-04:00,11.37,11.61
2026-07-27T07:00:27.292533-04:00,11.37,11.6
2026-07-27T07:10:16.068603-04:00,11.37,11.6
2026-07-27T07:20:18.424307-04:00,11.37,11.6
2026-07-27T07:30:21.304656-04:00,11.37,11.6
2026-07-27T07:40:15.197990-04:00,11.37,11.58
2026-07-27T07:50:19.164689-04:00,11.37,11.58
2026-07-27T08:00:30.672858-04:00,11.37,11.58
2026-07-27T08:10:17.130175-04:00,11.37,11.61
2026-07-27T08:13:31.771321-04:00,11.37,11.61
2026-07-27T08:20:18.272154-04:00,11.37,11.61
2026-07-27T08:30:21.172983-04:00,11.37,11.61
2026-07-27T08:40:16.778894-04:00,11.37,11.6
2026-07-27T08:50:17.502765-04:00,11.37,11.59
2026-07-27T09:00:41.670999-04:00,11.37,11.59
2026-07-27T09:10:20.508021-04:00,11.37,11.57
2026-07-27T09:20:17.608837-04:00,11.37,11.56
2026-07-27T09:30:24.187323-04:00,11.37,11.57
2026-07-27T09:40:20.028686-04:00,11.37,11.61
2026-07-27T09:50:18.870782-04:00,11.37,11.61
2026-07-27T10:00:28.877676-04:00,11.37,11.61
2026-07-27T10:10:22.856643-04:00,11.37,11.61
2026-07-27T10:20:19.888420-04:00,11.37,11.58
2026-07-27T10:30:23.446699-04:00,11.37,11.57
2026-07-27T10:40:15.362437-04:00,11.37,11.57
2026-07-27T10:50:20.345543-04:00,11.37,11.58
2026-07-27T11:00:30.751720-04:00,11.37,11.56
2026-07-27T11:10:23.690259-04:00,11.37,11.57
2026-07-27T11:13:58.434959-04:00,11.37,11.57
2026-07-27T11:20:25.042304-04:00,11.37,11.56
2026-07-27T11:30:21.821127-04:00,11.37,11.56
2026-07-27T11:40:17.216412-04:00,11.37,11.56
2026-07-27T11:50:17.368552-04:00,11.37,11.56
2026-07-27T12:00:26.759835-04:00,11.37,11.57
2026-07-27T12:10:20.735807-04:00,11.37,11.57
2026-07-27T12:20:22.901765-04:00,11.37,11.58
2026-07-27T12:30:22.606794-04:00,11.37,11.59
2026-07-27T12:40:22.027937-04:00,11.37,11.59
2026-07-27T12:50:16.509769-04:00,11.37,11.63
2026-07-27T13:00:34.738265-04:00,11.37,11.65
2026-07-27T13:10:17.343011-04:00,11.37,11.61
2026-07-27T13:20:19.944620-04:00,11.37,11.61
2026-07-27T13:30:23.637409-04:00,11.37,11.61
2026-07-27T13:40:23.440310-04:00,11.37,11.61
2026-07-27T13:50:16.924995-04:00,11.37,11.61
2026-07-27T14:00:27.117813-04:00,11.37,11.61
2026-07-27T14:10:18.150889-04:00,11.37,11.61
2026-07-27T14:20:22.796845-04:00,11.37,11.6
2026-07-27T14:30:27.446388-04:00,11.37,11.6
2026-07-27T14:40:20.249290-04:00,11.37,11.6
2026-07-27T14:45:33.984682-04:00,11.37,11.61
2026-07-27T14:50:27.316879-04:00,11.37,11.61
2026-07-27T15:00:30.925652-04:00,11.37,11.59
2026-07-27T15:10:24.359633-04:00,11.37,11.6
2026-07-27T15:20:23.988160-04:00,11.37,11.6
2026-07-27T15:30:28.629686-04:00,11.37,11.59
2026-07-27T15:40:17.263612-04:00,11.37,11.61
2026-07-27T15:50:22.601893-04:00,11.37,11.61
2026-07-27T16:00:32.770364-04:00,11.37,11.61
2026-07-27T16:10:16.046931-04:00,11.37,11.61
2026-07-27T16:15:28.253471-04:00,11.37,11.61
2026-07-27T16:20:18.020209-04:00,11.37,11.61
2026-07-27T16:30:26.584061-04:00,11.37,11.61
2026-07-27T16:40:23.099300-04:00,11.37,11.61
2026-07-27T16:50:16.062432-04:00,11.37,11.61
2026-07-27T17:00:30.792736-04:00,11.37,11.61
2026-07-27T17:10:26.441929-04:00,11.37,11.61
2026-07-27T17:20:17.693176-04:00,11.37,11.61
2026-07-27T17:30:26.051466-04:00,11.37,11.59
2026-07-27T17:35:37.535420-04:00,11.37,11.58
2026-07-27T17:40:20.741353-04:00,11.37,11.57
2026-07-27T17:50:21.941231-04:00,11.37,11.55
2026-07-27T18:00:25.862943-04:00,11.37,11.55
2026-07-27T18:10:16.763069-04:00,11.37,11.59
2026-07-27T18:20:17.974561-04:00,11.37,11.59
2026-07-27T18:30:18.516472-04:00,11.37,11.61
2026-07-27T18:40:13.169983-04:00,11.37,11.61
2026-07-27T18:50:16.001564-04:00,11.37,11.61
2026-07-27T19:00:24.793241-04:00,11.37,11.58
2026-07-27T19:10:15.308077-04:00,11.37,11.57
2026-07-27T19:20:16.216465-04:00,11.37,11.57
2026-07-27T19:30:20.840267-04:00,11.37,11.57
2026-07-27T19:40:15.251245-04:00,11.37,11.57
2026-07-27T19:43:07.875757-04:00,11.37,11.57
2026-07-27T19:50:17.654191-04:00,11.37,11.57
2026-07-27T20:00:26.217093-04:00,11.37,11.57
2026-07-27T20:10:17.128890-04:00,11.37,11.6
2026-07-27T20:20:17.780419-04:00,11.37,11.62
2026-07-27T20:30:22.731235-04:00,11.37,11.63
2026-07-27T20:40:14.518530-04:00,11.37,11.62
2026-07-27T20:50:24.446946-04:00,11.37,11.61
2026-07-27T21:00:24.880951-04:00,11.37,11.61
2026-07-27T21:04:17.780076-04:00,11.37,11.61
2026-07-27T21:10:18.292917-04:00,11.37,11.61
2026-07-27T21:20:19.267400-04:00,11.37,11.61
2026-07-27T21:30:26.038753-04:00,11.37,11.62
2026-07-27T21:40:26.161074-04:00,11.37,11.6
2026-07-27T21:50:22.910772-04:00,11.37,11.59
2026-07-27T22:00:21.184835-04:00,11.37,11.6
2026-07-27T22:10:21.746859-04:00,11.37,11.6
2026-07-27T22:20:22.810043-04:00,11.37,11.61
2026-07-27T22:30:23.079336-04:00,11.37,11.61
2026-07-27T22:40:16.869298-04:00,11.37,11.61
2026-07-27T22:50:19.779778-04:00,11.37,11.61
2026-07-27T23:00:29.859259-04:00,11.37,11.61
2026-07-27T23:10:23.114235-04:00,11.37,11.61
2026-07-27T23:20:16.897529-04:00,11.37,11.61
2026-07-27T23:30:24.974845-04:00,11.37,11.61
2026-07-27T23:40:22.696415-04:00,11.37,11.62
2026-07-27T23:50:24.776184-04:00,11.37,11.62
2026-07-28T00:00:22.725494-04:00,11.37,11.61
2026-07-28T00:10:17.179983-04:00,11.37,11.63
2026-07-28T00:20:19.042268-04:00,11.37,11.62
2026-07-28T00:25:37.723686-04:00,11.37,11.61
2026-07-28T00:30:21.729532-04:00,11.37,11.61
2026-07-28T00:40:17.792678-04:00,11.37,11.62
2026-07-28T00:50:17.340070-04:00,11.37,11.62
2026-07-28T01:00:21.969265-04:00,11.37,11.62
2026-07-28T01:10:23.999130-04:00,11.37,11.62
2026-07-28T01:20:15.917300-04:00,11.37,11.62
2026-07-28T01:30:17.384889-04:00,11.37,11.62
2026-07-28T01:40:24.580534-04:00,11.37,11.62
2026-07-28T01:50:17.307956-04:00,11.37,11.62
2026-07-28T02:00:30.502167-04:00,11.37,11.62
2026-07-28T02:10:16.404344-04:00,11.37,11.62
2026-07-28T02:20:19.120270-04:00,11.37,11.62
2026-07-28T02:30:22.174147-04:00,11.37,11.62
2026-07-28T02:40:21.633339-04:00,11.37,11.61
2026-07-28T02:50:27.868687-04:00,11.37,11.61
2026-07-28T03:00:34.912986-04:00,11.37,11.61
2026-07-28T03:09:31.389098-04:00,11.37,11.63
2026-07-28T03:10:24.825612-04:00,11.37,11.63
2026-07-28T03:20:19.180831-04:00,11.37,11.61
2026-07-28T03:30:29.900943-04:00,11.37,11.61
2026-07-28T03:40:18.664766-04:00,11.37,11.61
2026-07-28T03:50:18.453630-04:00,11.37,11.61
2026-07-28T04:00:23.160709-04:00,11.37,11.61
2026-07-28T04:10:24.320630-04:00,11.37,11.61
2026-07-28T04:20:21.712605-04:00,11.37,11.61
2026-07-28T04:30:22.075128-04:00,11.37,11.61
2026-07-28T04:40:16.763288-04:00,11.37,11.61
2026-07-28T04:50:24.756007-04:00,11.37,11.61
2026-07-28T05:00:34.020645-04:00,11.37,11.61
2026-07-28T05:10:18.611745-04:00,11.37,11.62
2026-07-28T05:20:21.228197-04:00,11.37,11.62
2026-07-28T05:30:21.077598-04:00,11.37,11.62
2026-07-28T05:40:18.464893-04:00,11.37,11.62
2026-07-28T05:46:04.096172-04:00,11.37,11.62
2026-07-28T05:50:15.932405-04:00,11.37,11.62
2026-07-28T06:00:31.116602-04:00,11.37,11.62
2026-07-28T06:10:26.696434-04:00,11.37,11.62
2026-07-28T06:20:17.043565-04:00,11.37,11.62
2026-07-28T06:30:28.079627-04:00,11.37,11.63
2026-07-28T06:40:21.902471-04:00,11.37,11.64
2026-07-28T06:50:18.691528-04:00,11.37,11.65
2026-07-28T07:00:24.120020-04:00,11.37,11.65
2026-07-28T07:10:25.081018-04:00,11.37,11.64
2026-07-28T07:20:22.056909-04:00,11.37,11.63
2026-07-28T07:30:22.248082-04:00,11.37,11.63
2026-07-28T07:40:22.944494-04:00,11.37,11.62
2026-07-28T07:50:21.962974-04:00,11.37,11.62
2026-07-28T07:51:32.837232-04:00,11.37,11.62
2026-07-28T08:00:31.101871-04:00,11.37,11.62
2026-07-28T08:10:20.248223-04:00,11.54,11.63
2026-07-28T08:20:19.059622-04:00,11.54,11.63
2026-07-28T08:30:29.752308-04:00,11.54,11.61
2026-07-28T08:40:18.816692-04:00,11.54,11.63
2026-07-28T08:50:19.772099-04:00,11.54,11.59
2026-07-28T09:00:37.872763-04:00,11.54,11.6
2026-07-28T09:10:21.128877-04:00,11.54,11.6
2026-07-28T09:20:25.166153-04:00,11.54,11.6
2026-07-28T09:30:27.912804-04:00,11.54,11.62
2026-07-28T09:40:28.164004-04:00,11.54,11.61
2026-07-28T09:44:53.716825-04:00,11.54,11.61
2026-07-28T09:50:24.859951-04:00,11.54,11.61
2026-07-28T10:00:31.026428-04:00,11.54,11.6
2026-07-28T10:10:38.343637-04:00,11.54,11.6
2026-07-28T10:20:20.829076-04:00,11.54,11.59
2026-07-28T10:30:30.513475-04:00,11.54,11.59
2026-07-28T10:40:18.471925-04:00,11.54,11.58
2026-07-28T10:50:24.055007-04:00,11.54,11.58
2026-07-28T11:00:32.215811-04:00,11.54,11.59
2026-07-28T11:10:30.360373-04:00,11.54,11.58
2026-07-28T11:20:26.223988-04:00,11.54,11.58
2026-07-28T11:30:27.380537-04:00,11.54,11.6
2026-07-28T11:40:18.020446-04:00,11.54,11.59
2026-07-28T11:50:16.744799-04:00,11.54,11.6
2026-07-28T11:54:19.266992-04:00,11.54,11.6
2026-07-28T12:00:27.656494-04:00,11.54,11.6
2026-07-28T12:10:16.913107-04:00,11.54,11.59
2026-07-28T12:20:20.569083-04:00,11.54,11.59
2026-07-28T12:30:22.304234-04:00,11.54,11.6
2026-07-28T12:40:18.142945-04:00,11.54,11.6
2026-07-28T12:50:19.188788-04:00,11.54,11.62
2026-07-28T13:00:21.302344-04:00,11.54,11.63
2026-07-28T13:10:17.855234-04:00,11.54,11.63
2026-07-28T13:20:17.936905-04:00,11.54,11.63
2026-07-28T13:30:23.577947-04:00,11.54,11.63
2026-07-28T13:40:21.633410-04:00,11.54,11.63
2026-07-28T13:50:27.089168-04:00,11.54,11.63
2026-07-28T14:00:31.501138-04:00,11.54,11.63
2026-07-28T14:10:21.461366-04:00,11.54,11.63
2026-07-28T14:20:15.686345-04:00,11.54,11.63
2026-07-28T14:30:28.560095-04:00,11.54,11.64
2026-07-28T14:40:22.945028-04:00,11.54,11.65
2026-07-28T14:50:22.679876-04:00,11.54,11.66
2026-07-28T14:52:53.832926-04:00,11.54,11.66
2026-07-28T15:00:26.944428-04:00,11.54,11.66
2026-07-28T15:10:20.937290-04:00,11.54,11.68
2026-07-28T15:20:28.295987-04:00,11.54,11.68
2026-07-28T15:30:18.928068-04:00,11.54,11.7
2026-07-28T15:40:22.821438-04:00,11.54,11.72
2026-07-28T15:50:20.440089-04:00,11.54,11.73
2026-07-28T16:00:23.872191-04:00,11.54,11.74
2026-07-28T16:10:24.129418-04:00,11.54,11.75
2026-07-28T16:12:00.322829-04:00,11.54,11.75
2026-07-28T16:20:20.348659-04:00,11.54,11.75
2026-07-28T16:30:21.731253-04:00,11.54,11.75
2026-07-28T16:40:22.929878-04:00,11.54,11.75
2026-07-28T16:50:22.499398-04:00,11.54,11.73
2026-07-28T17:00:20.061800-04:00,11.54,11.69
2026-07-28T17:10:19.540390-04:00,11.54,11.67
2026-07-28T17:20:19.332156-04:00,11.54,11.71
2026-07-28T17:29:58.959858-04:00,11.54,11.72
2026-07-28T17:30:20.534518-04:00,11.54,11.72
2026-07-28T17:40:18.654867-04:00,11.54,11.72
2026-07-28T17:50:28.716682-04:00,11.54,11.72
2026-07-28T18:00:31.870114-04:00,11.54,11.72
2026-07-28T18:10:24.464431-04:00,11.54,11.73
2026-07-28T18:20:16.143963-04:00,11.54,11.74
2026-07-28T18:30:25.191557-04:00,11.54,11.73
2026-07-28T18:34:44.243642-04:00,11.54,11.73
2026-07-28T18:40:18.075843-04:00,11.54,11.73
2026-07-28T18:50:23.860168-04:00,11.54,11.73
2026-07-28T19:00:20.888117-04:00,11.54,11.74
2026-07-28T19:10:21.941758-04:00,11.54,11.74
2026-07-28T19:20:23.624972-04:00,11.54,11.74
2026-07-28T19:30:23.666543-04:00,11.54,11.74
2026-07-28T19:37:57.546109-04:00,11.54,11.74
2026-07-28T19:40:14.175586-04:00,11.54,11.74
2026-07-28T19:50:29.282618-04:00,11.54,11.74
2026-07-28T20:00:21.130540-04:00,11.54,11.74
2026-07-28T20:10:18.863593-04:00,11.54,11.77
2026-07-28T20:20:15.216329-04:00,11.54,11.8
2026-07-28T20:30:19.842566-04:00,11.54,11.81
2026-07-28T20:40:21.576891-04:00,11.54,11.81
2026-07-28T20:50:14.857563-04:00,11.54,11.8
2026-07-28T21:00:29.425679-04:00,11.54,11.79
2026-07-28T21:07:27.018350-04:00,11.54,11.79
2026-07-28T21:10:24.547747-04:00,11.54,11.8
2026-07-28T21:20:16.366875-04:00,11.54,11.81
2026-07-28T21:30:26.397990-04:00,11.54,11.81
2026-07-28T21:40:18.510803-04:00,11.54,11.81
2026-07-28T21:50:16.137418-04:00,11.54,11.82
2026-07-28T22:00:23.759060-04:00,11.54,11.82
2026-07-28T22:10:17.467206-04:00,11.54,11.84
2026-07-28T22:20:18.051659-04:00,11.54,11.85
2026-07-28T22:30:19.246987-04:00,11.54,11.86
2026-07-28T22:40:20.938668-04:00,11.54,11.87
2026-07-28T22:50:23.127061-04:00,11.54,11.87
2026-07-28T23:00:20.418396-04:00,11.54,11.88
2026-07-28T23:10:15.245449-04:00,11.54,11.88
2026-07-28T23:20:23.334621-04:00,11.54,11.86
2026-07-28T23:30:17.038433-04:00,11.54,11.85
2026-07-28T23:40:20.159651-04:00,11.54,11.84
2026-07-28T23:50:18.358890-04:00,11.54,11.84
2026-07-29T00:00:23.817854-04:00,11.54,11.84
2026-07-29T00:10:20.486352-04:00,11.54,11.84
2026-07-29T00:20:19.272224-04:00,11.54,11.84
2026-07-29T00:28:56.648323-04:00,11.54,11.85
2026-07-29T00:30:26.006055-04:00,11.54,11.85
2026-07-29T00:40:18.625732-04:00,11.54,11.85
2026-07-29T00:50:17.199329-04:00,11.54,11.85
2026-07-29T01:00:23.597250-04:00,11.54,11.85
2026-07-29T01:10:18.453307-04:00,11.54,11.85
2026-07-29T01:20:25.792506-04:00,11.54,11.85
2026-07-29T01:30:19.170227-04:00,11.54,11.85
2026-07-29T01:40:23.779727-04:00,11.54,11.85
2026-07-29T01:50:17.823454-04:00,11.54,11.85
2026-07-29T02:00:22.471353-04:00,11.54,11.85
2026-07-29T02:10:26.518386-04:00,11.54,11.85
2026-07-29T02:20:19.693036-04:00,11.54,11.85
2026-07-29T02:30:26.469138-04:00,11.54,11.82
2026-07-29T02:40:18.476213-04:00,11.54,11.82
2026-07-29T02:50:23.249423-04:00,11.54,11.82
2026-07-29T03:00:20.451244-04:00,11.54,11.83
2026-07-29T03:10:16.972468-04:00,11.54,11.83
2026-07-29T03:20:19.312798-04:00,11.54,11.83
2026-07-29T03:30:26.463636-04:00,11.54,11.83
2026-07-29T03:40:41.212574-04:00,11.54,11.81
2026-07-29T03:50:43.249651-04:00,11.54,11.82
2026-07-29T04:00:27.842706-04:00,11.54,11.83
2026-07-29T04:10:19.610553-04:00,11.54,11.83
2026-07-29T04:20:23.605164-04:00,11.54,11.83
2026-07-29T04:30:28.119545-04:00,11.54,11.83
2026-07-29T04:40:19.639630-04:00,11.54,11.81
2026-07-29T04:50:18.463846-04:00,11.54,11.81
2026-07-29T05:00:30.931890-04:00,11.54,11.82
2026-07-29T05:10:17.524862-04:00,11.54,11.82
2026-07-29T05:20:21.635855-04:00,11.54,11.82
2026-07-29T05:30:20.251025-04:00,11.54,11.82
2026-07-29T05:40:18.148080-04:00,11.54,11.82
2026-07-29T05:50:15.501136-04:00,11.54,11.82
2026-07-29T06:00:27.179573-04:00,11.54,11.82
2026-07-29T06:04:22.221999-04:00,11.54,11.82
2026-07-29T06:10:18.224422-04:00,11.54,11.82
2026-07-29T06:20:17.202608-04:00,11.54,11.83
2026-07-29T06:30:18.020962-04:00,11.54,11.82
2026-07-29T06:40:17.950890-04:00,11.54,11.83
2026-07-29T06:50:21.722717-04:00,11.54,11.84
2026-07-29T07:00:22.016443-04:00,11.54,11.84
2026-07-29T07:10:20.820463-04:00,11.54,11.85
2026-07-29T07:20:16.927435-04:00,11.54,11.85
2026-07-29T07:31:37.259385-04:00,11.54,11.84
2026-07-29T07:40:19.230012-04:00,11.54,11.85
2026-07-29T07:50:20.912111-04:00,11.54,11.83
2026-07-29T08:00:28.835462-04:00,11.54,11.83
2026-07-29T08:10:19.168521-04:00,11.8,11.83
2026-07-29T08:18:03.427071-04:00,11.8,11.82
2026-07-29T08:20:23.779305-04:00,11.8,11.83
2026-07-29T08:30:20.358183-04:00,11.8,11.84
2026-07-29T08:40:20.628115-04:00,11.8,11.84
2026-07-29T08:50:21.399521-04:00,11.8,11.84
2026-07-29T09:00:30.199524-04:00,11.8,11.85
2026-07-29T09:10:20.342370-04:00,11.8,11.85
2026-07-29T09:20:19.735817-04:00,11.8,11.86
2026-07-29T09:30:21.239607-04:00,11.8,11.87
2026-07-29T09:40:24.090362-04:00,11.8,11.87
2026-07-29T09:50:27.332175-04:00,11.8,11.86
2026-07-29T10:00:22.065942-04:00,11.8,11.87
2026-07-29T10:10:22.690711-04:00,11.8,11.86
2026-07-29T10:20:19.189029-04:00,11.8,11.86
2026-07-29T10:30:23.743937-04:00,11.8,11.86
2026-07-29T10:38:40.274542-04:00,11.8,11.85
2026-07-29T10:40:24.962160-04:00,11.8,11.86
2026-07-29T10:50:23.627237-04:00,11.8,11.87
2026-07-29T11:00:30.190625-04:00,11.8,11.87
2026-07-29T11:10:20.766576-04:00,11.8,11.89
2026-07-29T11:20:27.228955-04:00,11.8,11.91
2026-07-29T11:30:22.610663-04:00,11.8,11.91
2026-07-29T11:40:18.630926-04:00,11.8,11.92
2026-07-29T11:52:56.869095-04:00,11.8,11.92
2026-07-29T12:00:24.125378-04:00,11.8,11.93
2026-07-29T12:08:38.939969-04:00,11.8,11.94
2026-07-29T12:10:51.648406-04:00,11.8,11.95
2026-07-29T12:20:19.349566-04:00,11.8,11.95
2026-07-29T12:30:23.898868-04:00,11.8,11.96
2026-07-29T12:40:24.656568-04:00,11.8,11.94
2026-07-29T12:50:19.075242-04:00,11.8,11.95
2026-07-29T13:00:28.212335-04:00,11.8,11.93
2026-07-29T13:10:17.839587-04:00,11.8,11.92
2026-07-29T13:20:25.589690-04:00,11.8,11.91
2026-07-29T13:30:20.744026-04:00,11.8,11.9
2026-07-29T13:35:55.208343-04:00,11.8,11.88
2026-07-29T13:40:16.714340-04:00,11.8,11.88
2026-07-29T13:50:28.329850-04:00,11.8,11.89
2026-07-29T14:00:24.786593-04:00,11.8,11.9
2026-07-29T14:10:24.543918-04:00,11.8,11.9
2026-07-29T14:20:25.289144-04:00,11.8,11.92
2026-07-29T14:30:22.481754-04:00,11.8,11.9
2026-07-29T14:39:54.922243-04:00,11.8,11.9
2026-07-29T14:40:25.952164-04:00,11.8,11.9
2026-07-29T14:50:27.760979-04:00,11.8,11.9
2026-07-29T15:00:24.500304-04:00,11.8,11.9
2026-07-29T15:10:23.006669-04:00,11.8,11.91
2026-07-29T15:20:22.134387-04:00,11.8,11.9
2026-07-29T15:30:22.784485-04:00,11.8,11.9
2026-07-29T15:40:18.822630-04:00,11.8,11.89
2026-07-29T15:50:30.384375-04:00,11.8,11.88
2026-07-29T15:58:48.357631-04:00,11.8,11.87
2026-07-29T16:00:26.374471-04:00,11.8,11.87
2026-07-29T16:10:15.922458-04:00,11.8,11.89
2026-07-29T16:20:22.595477-04:00,11.8,11.89
2026-07-29T16:30:17.547674-04:00,11.8,11.88
2026-07-29T16:40:16.996319-04:00,11.8,11.9
2026-07-29T16:50:20.536414-04:00,11.8,11.88
2026-07-29T16:57:48.774844-04:00,11.8,11.89
2026-07-29T17:00:29.381901-04:00,11.8,11.89
2026-07-29T17:10:25.595277-04:00,11.8,11.9
2026-07-29T17:20:22.399355-04:00,11.8,11.89
2026-07-29T17:30:22.166065-04:00,11.8,11.89
2026-07-29T17:40:19.875159-04:00,11.8,11.9
2026-07-29T17:50:17.431454-04:00,11.8,11.9
2026-07-29T18:00:18.041626-04:00,11.8,11.87
2026-07-29T18:10:17.653428-04:00,11.8,11.86
2026-07-29T18:20:22.685717-04:00,11.8,11.86
2026-07-29T18:30:19.571842-04:00,11.8,11.85
2026-07-29T18:40:17.946552-04:00,11.8,11.84
2026-07-29T18:50:17.617213-04:00,11.8,11.87
2026-07-29T19:00:25.529547-04:00,11.8,11.87
2026-07-29T19:10:26.985892-04:00,11.8,11.86
2026-07-29T19:12:25.381096-04:00,11.8,11.86
2026-07-29T19:20:24.449987-04:00,11.8,11.86
2026-07-29T19:30:17.278937-04:00,11.8,11.87
2026-07-29T19:40:24.832178-04:00,11.8,11.87
2026-07-29T19:50:24.758111-04:00,11.8,11.88
2026-07-29T20:00:28.670500-04:00,11.8,11.88
2026-07-29T20:10:11.183021-04:00,11.8,11.91
2026-07-29T20:20:17.140020-04:00,11.8,11.9
2026-07-29T20:30:18.833386-04:00,11.8,11.89
2026-07-29T20:40:18.424468-04:00,11.8,11.87
2026-07-29T20:50:20.224508-04:00,11.8,11.87
2026-07-29T21:00:24.602950-04:00,11.8,11.88
2026-07-29T21:10:15.413911-04:00,11.8,11.87
2026-07-29T21:20:15.210906-04:00,11.8,11.88
2026-07-29T21:30:24.349489-04:00,11.8,11.89
2026-07-29T21:40:15.163248-04:00,11.8,11.88
2026-07-29T21:50:16.983536-04:00,11.8,11.89
2026-07-29T22:00:26.978787-04:00,11.8,11.88
2026-07-29T22:10:15.974274-04:00,11.8,11.87
2026-07-29T22:20:16.915291-04:00,11.8,11.87
2026-07-29T22:30:18.515012-04:00,11.8,11.88
2026-07-29T22:40:16.229399-04:00,11.8,11.88
2026-07-29T22:50:15.202840-04:00,11.8,11.88
2026-07-29T23:00:19.932319-04:00,11.8,11.88
2026-07-29T23:10:21.306261-04:00,11.8,11.89
2026-07-29T23:20:26.123550-04:00,11.8,11.88
2026-07-29T23:24:56.331518-04:00,11.8,11.88
2026-07-29T23:30:16.868321-04:00,11.8,11.88
2026-07-29T23:40:17.645841-04:00,11.8,11.88
2026-07-29T23:50:19.107473-04:00,11.8,11.88
2026-07-30T00:00:24.874926-04:00,11.8,11.88
2026-07-30T00:10:17.807362-04:00,11.8,11.88
2026-07-30T00:20:26.747841-04:00,11.8,11.88
2026-07-30T00:30:26.354952-04:00,11.8,11.88
2026-07-30T00:40:23.293781-04:00,11.8,11.88
2026-07-30T00:50:20.061612-04:00,11.8,11.88
2026-07-30T01:00:23.697845-04:00,11.8,11.88
2026-07-30T01:10:22.991974-04:00,11.8,11.88
2026-07-30T01:20:18.005882-04:00,11.8,11.88
2026-07-30T01:30:21.495554-04:00,11.8,11.88
2026-07-30T01:40:24.047383-04:00,11.8,11.88
2026-07-30T01:50:20.310652-04:00,11.8,11.88
2026-07-30T02:00:24.815917-04:00,11.8,11.88
2026-07-30T02:04:14.186066-04:00,11.8,11.88
2026-07-30T02:10:19.759895-04:00,11.8,11.88
2026-07-30T02:20:17.744399-04:00,11.8,11.88
2026-07-30T02:30:22.830621-04:00,11.8,11.88
2026-07-30T02:40:15.887711-04:00,11.8,11.88
2026-07-30T02:50:17.716958-04:00,11.8,11.88
2026-07-30T03:00:28.014211-04:00,11.8,11.88
2026-07-30T03:10:16.204986-04:00,11.8,11.88
2026-07-30T03:20:23.051449-04:00,11.8,11.88
2026-07-30T03:30:25.912785-04:00,11.8,11.88
2026-07-30T03:40:19.498242-04:00,11.8,11.88
2026-07-30T03:50:17.792993-04:00,11.8,11.87
2026-07-30T04:00:23.561365-04:00,11.8,11.87
2026-07-30T04:10:21.520939-04:00,11.8,11.88
2026-07-30T04:20:20.842077-04:00,11.8,11.88
2026-07-30T04:30:26.482942-04:00,11.8,11.88
2026-07-30T04:40:29.590624-04:00,11.8,11.88
2026-07-30T04:46:53.698577-04:00,11.8,11.88
2026-07-30T04:50:16.335096-04:00,11.8,11.88
2026-07-30T05:00:21.986382-04:00,11.8,11.88
2026-07-30T05:10:23.358314-04:00,11.8,11.88
2026-07-30T05:20:24.655690-04:00,11.8,11.88
2026-07-30T05:30:20.408983-04:00,11.8,11.88
2026-07-30T05:40:16.963066-04:00,11.8,11.88
2026-07-30T05:50:17.498510-04:00,11.8,11.88
2026-07-30T06:00:21.996440-04:00,11.8,11.88
2026-07-30T06:10:28.826466-04:00,11.8,11.88
2026-07-30T06:20:22.731929-04:00,11.8,11.88
2026-07-30T06:30:21.179096-04:00,11.8,11.88
2026-07-30T06:40:25.165433-04:00,11.8,11.87
2026-07-30T06:50:18.315800-04:00,11.8,11.87
2026-07-30T06:59:37.648180-04:00,11.8,11.86
2026-07-30T07:00:28.333397-04:00,11.8,11.87
2026-07-30T07:10:17.205846-04:00,11.8,11.88
2026-07-30T07:20:23.110627-04:00,11.8,11.88
2026-07-30T07:30:19.382142-04:00,11.8,11.87
2026-07-30T07:40:21.230608-04:00,11.8,11.87
2026-07-30T07:50:22.272357-04:00,11.8,11.87
2026-07-30T08:00:22.518179-04:00,11.8,11.87
2026-07-30T08:10:19.313818-04:00,11.89,11.88
2026-07-30T08:20:26.467465-04:00,11.89,11.89
2026-07-30T08:30:23.421094-04:00,11.89,11.91
2026-07-30T08:40:25.622874-04:00,11.89,11.89
2026-07-30T08:47:45.257685-04:00,11.89,11.87
2026-07-30T08:50:18.051057-04:00,11.89,11.87
2026-07-30T09:00:23.597501-04:00,11.89,11.86
2026-07-30T09:10:18.550787-04:00,11.89,11.88
2026-07-30T09:20:21.374702-04:00,11.89,11.87
2026-07-30T09:30:20.006434-04:00,11.89,11.87
2026-07-30T09:40:28.455247-04:00,11.89,11.85
2026-07-30T09:50:19.718046-04:00,11.89,11.85
2026-07-30T10:00:25.728010-04:00,11.89,11.81
2026-07-30T10:10:21.653491-04:00,11.89,11.83
2026-07-30T10:20:32.685964-04:00,11.89,11.82
2026-07-30T10:30:26.003474-04:00,11.89,11.81
2026-07-30T10:40:29.804305-04:00,11.89,11.8
2026-07-30T10:50:26.042168-04:00,11.89,11.8
2026-07-30T11:00:22.788580-04:00,11.89,11.83
2026-07-30T11:04:26.890979-04:00,11.89,11.84
2026-07-30T11:10:19.081004-04:00,11.89,11.85
2026-07-30T11:20:21.869135-04:00,11.89,11.87
2026-07-30T11:30:20.220557-04:00,11.89,11.88
2026-07-30T11:40:17.253456-04:00,11.89,11.89
2026-07-30T11:50:22.398909-04:00,11.89,11.89
2026-07-30T12:00:26.695522-04:00,11.89,11.85
2026-07-30T12:20:27.677245-04:00,11.89,11.87
2026-07-30T12:30:19.338557-04:00,11.89,11.88
2026-07-30T12:40:18.230335-04:00,11.89,11.88
2026-07-30T12:46:23.396043-04:00,11.89,11.87
2026-07-30T12:50:24.445652-04:00,11.89,11.87
2026-07-30T13:00:22.099526-04:00,11.89,11.88
2026-07-30T13:10:20.504826-04:00,11.89,11.87
2026-07-30T13:20:28.032044-04:00,11.89,11.87
2026-07-30T13:30:20.974500-04:00,11.89,11.87
2026-07-30T13:40:23.427057-04:00,11.89,11.86
2026-07-30T13:50:17.098325-04:00,11.89,11.84
2026-07-30T14:00:25.274826-04:00,11.89,11.86
2026-07-30T14:10:16.626964-04:00,11.89,11.87
2026-07-30T14:20:20.769452-04:00,11.89,11.87
2026-07-30T14:30:22.264944-04:00,11.89,11.85
2026-07-30T14:40:19.944667-04:00,11.89,11.85
2026-07-30T14:50:27.346208-04:00,11.89,11.85
2026-07-30T15:00:23.499214-04:00,11.89,11.85
2026-07-30T15:10:33.993185-04:00,11.89,11.88
2026-07-30T15:20:27.451904-04:00,11.89,11.87
2026-07-30T15:30:22.458304-04:00,11.89,11.86
2026-07-30T15:40:20.788113-04:00,11.89,11.87
2026-07-30T15:49:07.730338-04:00,11.89,11.87
2026-07-30T15:50:20.922141-04:00,11.89,11.87
2026-07-30T16:00:22.529450-04:00,11.89,11.87
2026-07-30T16:10:17.151589-04:00,11.89,11.87
2026-07-30T16:20:20.010105-04:00,11.89,11.87
2026-07-30T16:30:28.035530-04:00,11.89,11.87
2026-07-30T16:40:16.772927-04:00,11.89,11.86
2026-07-30T16:50:19.491894-04:00,11.89,11.86
2026-07-30T16:58:04.579186-04:00,11.89,11.87
2026-07-30T17:00:21.279839-04:00,11.89,11.86
2026-07-30T17:10:17.630567-04:00,11.89,11.87
2026-07-30T17:20:16.705136-04:00,11.89,11.86
2026-07-30T17:30:17.662669-04:00,11.89,11.87
2026-07-30T17:40:28.454943-04:00,11.89,11.86
2026-07-30T17:50:25.148283-04:00,11.89,11.86
2026-07-30T18:05:07.415402-04:00,11.89,11.94
2026-07-30T18:10:18.983129-04:00,11.89,11.86
2026-07-30T18:20:30.489675-04:00,11.89,11.86
2026-07-30T18:30:22.798599-04:00,11.89,11.86
2026-07-30T18:40:19.755143-04:00,11.89,11.86
2026-07-30T18:50:18.364313-04:00,11.89,11.85
2026-07-30T19:00:24.096997-04:00,11.89,11.86
2026-07-30T19:10:17.088587-04:00,11.89,11.87
2026-07-30T19:17:17.389301-04:00,11.89,11.87
2026-07-30T19:20:24.539293-04:00,11.89,11.87
2026-07-30T19:30:23.135003-04:00,11.89,11.87
2026-07-30T19:40:22.908771-04:00,11.89,11.86
2026-07-30T19:50:18.984945-04:00,11.89,11.86
2026-07-30T20:00:21.686884-04:00,11.89,11.86
2026-07-30T20:10:22.039443-04:00,11.89,11.99
2026-07-30T20:20:18.637479-04:00,11.89,12.05
2026-07-30T20:30:22.843231-04:00,11.89,11.99
2026-07-30T20:40:15.662408-04:00,11.89,11.99
2026-07-30T20:50:22.924461-04:00,11.89,12.01
2026-07-30T21:00:21.139906-04:00,11.89,12.01
2026-07-30T21:01:28.031379-04:00,11.89,12.01
2026-07-30T21:10:17.930281-04:00,11.89,11.99
2026-07-30T21:20:17.210341-04:00,11.89,12.01
2026-07-30T21:30:17.639351-04:00,11.89,12.01
2026-07-30T21:40:31.697998-04:00,11.89,12.0
2026-07-30T21:50:24.192126-04:00,11.89,12.0
2026-07-30T22:00:19.092040-04:00,11.89,12.01
2026-07-30T22:10:21.678659-04:00,11.89,12.0
2026-07-30T22:20:17.146029-04:00,11.89,12.02
2026-07-30T22:30:20.028857-04:00,11.89,12.02
2026-07-30T22:40:17.047597-04:00,11.89,12.01
2026-07-30T22:50:17.193340-04:00,11.89,12.02
2026-07-30T23:00:19.088385-04:00,11.89,12.02
2026-07-30T23:10:27.686922-04:00,11.89,12.03
2026-07-30T23:20:20.273427-04:00,11.89,12.04
2026-07-30T23:30:19.184013-04:00,11.89,12.04
2026-07-30T23:40:18.098038-04:00,11.89,12.02
2026-07-30T23:50:22.653996-04:00,11.89,12.02
2026-07-31T00:00:28.327193-04:00,11.89,12.02
2026-07-31T00:10:19.008088-04:00,11.89,12.03
2026-07-31T00:20:17.909672-04:00,11.89,12.03
2026-07-31T00:30:27.449063-04:00,11.89,12.02
2026-07-31T00:36:40.377317-04:00,11.89,12.02
2026-07-31T00:40:17.758479-04:00,11.89,12.02
2026-07-31T00:50:15.948423-04:00,11.89,12.02
2026-07-31T01:00:23.103448-04:00,11.89,12.03
2026-07-31T01:10:18.546810-04:00,11.89,12.03
2026-07-31T01:20:25.062430-04:00,11.89,12.02
2026-07-31T01:30:28.682437-04:00,11.89,12.02
2026-07-31T01:40:19.216289-04:00,11.89,12.02
2026-07-31T01:50:18.149237-04:00,11.89,12.02
2026-07-31T02:00:35.849474-04:00,11.89,12.02
2026-07-31T02:10:15.658017-04:00,11.89,12.02
2026-07-31T02:20:20.946587-04:00,11.89,12.02
2026-07-31T02:30:19.960199-04:00,11.89,12.02
2026-07-31T02:40:17.848879-04:00,11.89,12.02
2026-07-31T02:50:16.864385-04:00,11.89,12.02
2026-07-31T03:00:25.291934-04:00,11.89,12.02
2026-07-31T03:10:18.162821-04:00,11.89,12.02
2026-07-31T03:20:16.527154-04:00,11.89,12.02
2026-07-31T03:30:23.103690-04:00,11.89,12.02
2026-07-31T03:33:24.948783-04:00,11.89,12.02
2026-07-31T03:40:17.589350-04:00,11.89,12.02
2026-07-31T03:50:19.802870-04:00,11.89,12.02
2026-07-31T04:00:21.970056-04:00,11.89,12.02
2026-07-31T04:10:19.493128-04:00,11.89,12.02
2026-07-31T04:20:21.123935-04:00,11.89,12.02
2026-07-31T04:30:30.379279-04:00,11.89,12.02
2026-07-31T04:40:19.990166-04:00,11.89,12.02
2026-07-31T04:50:16.399034-04:00,11.89,12.02
2026-07-31T05:00:27.118411-04:00,11.89,12.02
2026-07-31T05:10:17.050941-04:00,11.89,12.02
2026-07-31T05:20:19.196651-04:00,11.89,12.02
2026-07-31T05:30:19.764715-04:00,11.89,12.02
2026-07-31T05:40:24.440665-04:00,11.89,12.03
2026-07-31T05:50:19.982610-04:00,11.89,12.03
2026-07-31T06:00:23.121734-04:00,11.89,12.03
2026-07-31T06:10:26.855496-04:00,11.89,12.03
2026-07-31T06:14:12.971182-04:00,11.89,12.03
2026-07-31T06:20:21.564354-04:00,11.89,12.03
2026-07-31T06:30:22.195932-04:00,11.89,12.03
2026-07-31T06:40:17.245124-04:00,11.89,12.03
2026-07-31T06:50:16.160846-04:00,11.89,12.02
2026-07-31T07:00:22.309814-04:00,11.89,12.04
2026-07-31T07:10:24.569291-04:00,11.89,12.04
2026-07-31T07:20:22.165134-04:00,11.89,12.04
2026-07-31T07:30:18.768849-04:00,11.89,12.03
2026-07-31T07:40:22.771965-04:00,11.89,12.04
2026-07-31T07:50:23.541320-04:00,11.89,12.01
2026-07-31T08:00:26.825358-04:00,11.89,12.0
2026-07-31T08:10:25.442361-04:00,11.89,12.0
2026-07-31T08:18:05.515463-04:00,11.89,11.99
2026-07-31T08:20:18.515554-04:00,11.89,11.99
2026-07-31T08:30:21.902165-04:00,11.89,11.99
2026-07-31T08:40:19.670776-04:00,11.89,11.96
2026-07-31T08:50:21.248423-04:00,11.89,11.98
2026-07-31T09:00:22.618399-04:00,11.89,11.95
2026-07-31T09:10:24.763686-04:00,12.15,11.93
2026-07-31T09:20:22.463320-04:00,12.15,11.96
2026-07-31T09:30:27.360447-04:00,12.15,11.95
2026-07-31T09:40:32.318984-04:00,12.15,11.9
2026-07-31T09:50:28.798620-04:00,12.15,11.9
2026-07-31T10:00:24.994352-04:00,12.15,11.85
2026-07-31T10:10:18.041892-04:00,12.15,11.9
2026-07-31T10:20:20.984340-04:00,12.15,11.93
2026-07-31T10:30:20.834239-04:00,12.15,11.93
2026-07-31T10:40:25.263207-04:00,12.15,11.89
2026-07-31T10:50:21.055411-04:00,12.15,11.89
2026-07-31T10:55:05.698061-04:00,12.15,11.9
2026-07-31T11:00:22.176995-04:00,12.15,11.9
2026-07-31T11:10:17.929460-04:00,12.15,11.92
2026-07-31T11:20:20.254175-04:00,12.15,11.94
2026-07-31T11:30:21.567072-04:00,12.15,11.96
2026-07-31T11:40:17.237923-04:00,12.15,11.95
2026-07-31T11:50:23.641006-04:00,12.15,11.95
2026-07-31T12:00:22.312393-04:00,12.15,11.96
2026-07-31T12:10:20.855000-04:00,12.15,11.96
2026-07-31T12:20:18.301401-04:00,12.15,11.93
2026-07-31T12:30:26.604504-04:00,12.15,11.94
2026-07-31T12:40:11.064312-04:00,12.15,11.92
2026-07-31T12:50:27.592219-04:00,12.15,11.91
2026-07-31T13:00:31.432095-04:00,12.15,11.93
2026-07-31T13:10:26.600403-04:00,12.15,11.95
2026-07-31T13:20:26.055794-04:00,12.15,11.95
2026-07-31T13:30:28.909914-04:00,12.15,11.96
2026-07-31T13:40:18.520514-04:00,12.15,11.96
2026-07-31T13:50:20.175927-04:00,12.15,11.97
2026-07-31T14:00:24.858120-04:00,12.15,11.96
2026-07-31T14:08:53.847667-04:00,12.15,11.97
2026-07-31T14:10:28.318206-04:00,12.15,12.0
2026-07-31T14:20:17.425173-04:00,12.15,12.0
2026-07-31T14:35:24.508727-04:00,12.15,12.01
2026-07-31T14:40:16.405350-04:00,12.15,12.01
2026-07-31T14:50:24.821719-04:00,12.15,12.01
2026-07-31T15:00:29.252919-04:00,12.15,12.0
2026-07-31T15:10:20.391792-04:00,12.15,12.0
2026-07-31T15:20:16.417277-04:00,12.15,12.0
2026-07-31T15:30:22.721754-04:00,12.15,12.0
2026-07-31T15:40:15.915695-04:00,12.15,11.98
2026-07-31T15:49:46.225351-04:00,12.15,11.97
2026-07-31T15:50:19.397738-04:00,12.15,11.98
2026-07-31T16:00:22.594775-04:00,12.15,11.99
2026-07-31T16:10:26.679244-04:00,12.15,11.98
2026-07-31T16:20:24.479667-04:00,12.15,11.98
2026-07-31T16:31:42.821467-04:00,12.15,11.99
2026-07-31T16:40:18.353801-04:00,12.15,11.99
2026-07-31T16:50:26.599419-04:00,12.15,11.99
2026-07-31T16:55:45.617858-04:00,12.15,12.0
2026-07-31T17:00:28.761134-04:00,12.15,11.99
2026-07-31T17:10:22.321045-04:00,12.15,12.0
2026-07-31T17:20:22.099204-04:00,12.15,11.97
2026-07-31T17:30:21.860022-04:00,12.15,11.96
2026-07-31T17:40:18.896324-04:00,12.15,11.96
2026-07-31T17:50:26.379202-04:00,12.15,11.96
2026-07-31T17:59:27.199111-04:00,12.15,11.96
2026-07-31T18:00:21.651644-04:00,12.15,11.96
2026-07-31T18:10:27.210642-04:00,12.15,11.97
2026-07-31T18:20:15.601721-04:00,12.15,11.97
2026-07-31T18:30:20.792042-04:00,12.15,11.97
2026-07-31T18:40:25.934529-04:00,12.15,11.96
2026-07-31T18:50:15.899932-04:00,12.15,11.97
2026-07-31T19:00:25.359906-04:00,12.15,11.97
2026-07-31T19:04:32.223046-04:00,12.15,11.96
2026-07-31T19:10:25.661300-04:00,12.15,11.96
2026-07-31T19:20:17.694330-04:00,12.15,11.93
2026-07-31T19:30:24.768671-04:00,12.15,11.92
2026-07-31T19:40:18.194726-04:00,12.15,11.91
2026-07-31T19:50:19.560421-04:00,12.15,11.91
2026-07-31T20:00:23.163534-04:00,12.15,11.91
2026-07-31T20:10:17.507086-04:00,12.15,11.84
2026-07-31T20:20:15.504512-04:00,12.15,11.78
2026-07-31T20:30:26.948482-04:00,12.15,11.79
2026-07-31T20:40:24.834706-04:00,12.15,11.82
2026-07-31T20:50:24.108892-04:00,12.15,11.79
2026-07-31T21:01:30.935485-04:00,12.15,11.78
2026-07-31T21:10:16.512897-04:00,12.15,11.78
2026-07-31T21:20:15.204932-04:00,12.15,11.75
2026-07-31T21:30:23.654446-04:00,12.15,11.68
2026-07-31T21:40:20.381959-04:00,12.15,11.72
2026-07-31T21:50:18.940949-04:00,12.15,11.7
2026-07-31T22:00:41.027700-04:00,12.15,11.7
2026-07-31T22:10:18.694346-04:00,12.15,11.68
2026-07-31T22:20:21.229873-04:00,12.15,11.72
2026-07-31T22:30:19.303592-04:00,12.15,11.75
2026-07-31T22:40:20.266874-04:00,12.15,11.75
2026-07-31T22:50:22.762872-04:00,12.15,11.75
2026-07-31T23:00:27.706810-04:00,12.15,11.73
2026-07-31T23:10:18.285571-04:00,12.15,11.73
2026-07-31T23:20:17.261860-04:00,12.15,11.73
2026-07-31T23:30:25.905432-04:00,12.15,11.71
2026-07-31T23:40:19.785663-04:00,12.15,11.71
2026-07-31T23:47:08.035426-04:00,12.15,11.71
2026-07-31T23:50:25.166542-04:00,12.15,11.71
2026-08-01T00:00:29.839838-04:00,12.15,11.71
2026-08-01T00:10:18.554858-04:00,12.15,11.7
2026-08-01T00:20:21.333526-04:00,12.15,11.7
2026-08-01T00:30:32.856585-04:00,12.15,11.7
2026-08-01T00:40:17.363421-04:00,12.15,11.7
2026-08-01T00:50:17.342475-04:00,12.15,11.7
2026-08-01T01:00:22.469305-04:00,12.15,11.73
2026-08-01T01:10:16.106887-04:00,12.15,11.73
2026-08-01T01:20:17.616971-04:00,12.15,11.73
2026-08-01T01:30:20.785179-04:00,12.15,11.74
2026-08-01T01:40:21.795061-04:00,12.15,11.74
2026-08-01T01:50:18.039724-04:00,12.15,11.74
2026-08-01T02:00:27.905047-04:00,12.15,11.74
2026-08-01T02:10:18.512822-04:00,12.15,11.73
2026-08-01T02:20:24.774641-04:00,12.15,11.73
2026-08-01T02:21:45.363188-04:00,12.15,11.73
2026-08-01T02:30:25.226511-04:00,12.15,11.72
2026-08-01T02:40:19.803276-04:00,12.15,11.72
2026-08-01T02:50:19.497644-04:00,12.15,11.72
2026-08-01T03:00:25.762682-04:00,12.15,11.72
2026-08-01T03:10:17.078998-04:00,12.15,11.72
2026-08-01T03:20:19.866129-04:00,12.15,11.74
2026-08-01T03:30:25.206196-04:00,12.15,11.74
2026-08-01T03:40:22.095005-04:00,12.15,11.74
2026-08-01T03:50:21.131980-04:00,12.15,11.74
2026-08-01T04:00:24.460645-04:00,12.15,11.73
2026-08-01T04:10:17.141251-04:00,12.15,11.73
2026-08-01T04:20:21.256699-04:00,12.15,11.73
2026-08-01T04:30:19.313034-04:00,12.15,11.73
2026-08-01T04:38:08.717055-04:00,12.15,11.73
2026-08-01T04:40:16.177414-04:00,12.15,11.73
2026-08-01T04:50:17.166781-04:00,12.15,11.73
2026-08-01T05:00:25.726262-04:00,12.15,11.74
2026-08-01T05:10:26.614281-04:00,12.15,11.73
2026-08-01T05:20:17.439547-04:00,12.15,11.73
2026-08-01T05:30:20.608304-04:00,12.15,11.73
2026-08-01T05:40:17.850514-04:00,12.15,11.73
2026-08-01T05:50:16.776461-04:00,12.15,11.73
2026-08-01T06:00:22.105338-04:00,12.15,11.72
2026-08-01T06:10:17.869761-04:00,12.15,11.73
2026-08-01T06:20:33.264499-04:00,12.15,11.73
2026-08-01T06:30:23.744988-04:00,12.15,11.73
2026-08-01T06:40:18.263277-04:00,12.15,11.74
2026-08-01T06:50:17.537808-04:00,12.15,11.74
2026-08-01T07:00:29.553740-04:00,12.15,11.73
2026-08-01T07:10:17.264220-04:00,12.15,11.73
2026-08-01T07:30:24.842093-04:00,12.15,11.74
2026-08-01T07:39:08.026197-04:00,12.15,11.76
2026-08-01T07:40:18.226784-04:00,12.15,11.76
2026-08-01T07:50:17.767503-04:00,12.15,11.74
2026-08-01T08:00:29.216236-04:00,12.15,11.75
2026-08-01T08:10:17.624011-04:00,12.13,11.71
2026-08-01T08:20:21.171428-04:00,12.13,11.69
2026-08-01T08:30:17.279464-04:00,12.13,11.68
2026-08-01T08:38:04.881812-04:00,12.13,11.61
2026-08-01T08:40:22.728003-04:00,12.13,11.62
2026-08-01T08:50:18.106287-04:00,12.13,11.62
2026-08-01T09:00:30.119429-04:00,12.13,11.62
2026-08-01T09:20:25.172041-04:00,12.13,11.61
2026-08-01T09:30:25.060536-04:00,12.13,11.64
2026-08-01T09:40:23.985998-04:00,12.13,11.61
2026-08-01T09:50:16.892999-04:00,12.13,11.58
2026-08-01T10:00:22.281682-04:00,12.13,11.56
2026-08-01T10:10:22.553346-04:00,12.13,11.54
2026-08-01T10:10:47.763123-04:00,12.13,11.54
2026-08-01T10:20:26.334712-04:00,12.13,11.55
2026-08-01T10:30:21.915031-04:00,12.13,11.58
2026-08-01T10:40:19.098858-04:00,12.13,11.6
2026-08-01T10:50:24.130400-04:00,12.13,11.57
2026-08-01T11:00:25.261495-04:00,12.13,11.56
2026-08-01T11:10:17.673242-04:00,12.13,11.55
2026-08-01T11:16:49.324256-04:00,12.13,11.52
2026-08-01T11:20:26.025585-04:00,12.13,11.5
2026-08-01T11:30:21.689807-04:00,12.13,11.52
2026-08-01T11:40:16.960249-04:00,12.13,11.53
2026-08-01T11:50:17.483288-04:00,12.13,11.53
2026-08-01T12:00:28.153131-04:00,12.13,11.53
2026-08-01T12:10:18.514498-04:00,12.13,11.53
2026-08-01T12:20:25.647917-04:00,12.13,11.53
2026-08-01T12:27:12.149581-04:00,12.13,11.54
2026-08-01T12:30:27.192166-04:00,12.13,11.54
2026-08-01T12:40:15.512839-04:00,12.13,11.56
2026-08-01T12:50:19.949980-04:00,12.13,11.56
2026-08-01T13:00:23.765169-04:00,12.13,11.56
2026-08-01T13:10:16.751018-04:00,12.13,11.64
2026-08-01T13:20:17.174678-04:00,12.13,11.65
2026-08-01T13:30:11.390117-04:00,12.13,11.64
2026-08-01T13:40:26.293182-04:00,12.13,11.65
2026-08-01T13:50:20.807169-04:00,12.13,11.65
2026-08-01T14:00:24.707738-04:00,12.13,11.65
2026-08-01T14:10:18.889683-04:00,12.13,11.63
2026-08-01T14:20:19.991023-04:00,12.13,11.64
2026-08-01T14:30:28.231077-04:00,12.13,11.63
2026-08-01T14:31:49.197674-04:00,12.13,11.63
2026-08-01T14:40:19.480964-04:00,12.13,11.63
2026-08-01T14:50:16.741563-04:00,12.13,11.63
2026-08-01T15:00:19.505892-04:00,12.13,11.63
2026-08-01T15:10:17.552885-04:00,12.13,11.63
2026-08-01T15:20:17.394112-04:00,12.13,11.65
2026-08-01T15:30:21.372234-04:00,12.13,11.64
2026-08-01T15:40:16.760034-04:00,12.13,11.64
2026-08-01T15:50:18.360032-04:00,12.13,11.64
2026-08-01T15:52:12.206197-04:00,12.13,11.63
2026-08-01T16:00:22.322167-04:00,12.13,11.65
2026-08-01T16:10:16.331474-04:00,12.13,11.65
2026-08-01T16:20:18.705182-04:00,12.13,11.64
2026-08-01T16:30:17.087211-04:00,12.13,11.65
2026-08-01T16:40:27.721210-04:00,12.13,11.66
2026-08-01T16:41:17.027194-04:00,12.13,11.66
2026-08-01T16:50:24.358263-04:00,12.13,11.67
2026-08-01T17:00:26.779686-04:00,12.13,11.67
2026-08-01T17:10:26.204357-04:00,12.13,11.67
2026-08-01T17:20:22.452908-04:00,12.13,11.68
2026-08-01T17:30:18.166136-04:00,12.13,11.71
2026-08-01T17:36:08.147130-04:00,12.13,11.72
2026-08-01T17:40:28.017465-04:00,12.13,11.72
2026-08-01T17:50:16.031985-04:00,12.13,11.71
2026-08-01T18:00:22.636753-04:00,12.13,11.71
2026-08-01T18:10:17.867951-04:00,12.13,11.67
2026-08-01T18:20:17.394547-04:00,12.13,11.67
2026-08-01T18:30:27.618816-04:00,12.13,11.64
2026-08-01T18:36:24.196190-04:00,12.13,11.63
2026-08-01T18:40:24.327247-04:00,12.13,11.65
2026-08-01T18:50:23.919016-04:00,12.13,11.63
2026-08-01T19:00:22.940101-04:00,12.13,11.67
2026-08-01T19:10:17.863222-04:00,12.13,11.67
2026-08-01T19:20:23.809443-04:00,12.13,11.67
2026-08-01T19:30:22.088725-04:00,12.13,11.68
2026-08-01T19:39:00.250765-04:00,12.13,11.68
2026-08-01T19:40:23.704803-04:00,12.13,11.68
2026-08-01T19:50:17.580377-04:00,12.13,11.68
2026-08-01T20:00:22.725358-04:00,12.13,11.68
2026-08-01T20:10:16.891522-04:00,12.13,11.68
2026-08-01T20:20:17.776061-04:00,12.13,11.68
2026-08-01T20:30:23.908144-04:00,12.13,11.66
2026-08-01T20:40:27.647020-04:00,12.13,11.67
2026-08-01T20:50:17.356132-04:00,12.13,11.67
2026-08-01T21:00:24.840396-04:00,12.13,11.68
2026-08-01T21:10:18.187456-04:00,12.13,11.68
2026-08-01T21:13:54.125947-04:00,12.13,11.68
2026-08-01T21:20:16.398661-04:00,12.13,11.68
2026-08-01T21:30:25.781065-04:00,12.13,11.69
2026-08-01T21:40:16.027061-04:00,12.13,11.71
2026-08-01T21:50:18.945260-04:00,12.13,11.72
2026-08-01T22:00:23.205501-04:00,12.13,11.72
2026-08-01T22:10:22.329246-04:00,12.13,11.72
2026-08-01T22:20:23.417157-04:00,12.13,11.71
2026-08-01T22:30:22.523300-04:00,12.13,11.72
2026-08-01T22:40:23.718342-04:00,12.13,11.71
2026-08-01T22:50:18.702934-04:00,12.13,11.72
2026-08-01T23:00:26.671175-04:00,12.13,11.73
2026-08-01T23:10:20.081385-04:00,12.13,11.72
2026-08-01T23:20:20.409431-04:00,12.13,11.71
2026-08-01T23:30:20.110954-04:00,12.13,11.71
2026-08-01T23:40:21.645939-04:00,12.13,11.68
2026-08-01T23:50:17.325472-04:00,12.13,11.68
2026-08-02T00:00:21.423203-04:00,12.13,11.68
2026-08-02T00:10:26.268721-04:00,12.13,11.68
2026-08-02T00:20:15.775012-04:00,12.13,11.66
2026-08-02T00:30:19.213009-04:00,12.13,11.66
2026-08-02T00:38:45.555130-04:00,12.13,11.65
2026-08-02T00:40:17.235678-04:00,12.13,11.65
2026-08-02T00:50:20.284647-04:00,12.13,11.65
2026-08-02T01:00:24.993359-04:00,12.13,11.65
2026-08-02T01:10:51.873125-04:00,12.13,11.65
2026-08-02T01:20:19.261730-04:00,12.13,11.63
2026-08-02T01:30:27.856102-04:00,12.13,11.63
2026-08-02T01:40:18.349039-04:00,12.13,11.63
2026-08-02T01:50:19.400979-04:00,12.13,11.63
2026-08-02T02:00:21.717474-04:00,12.13,11.63
2026-08-02T02:10:18.635186-04:00,12.13,11.63
2026-08-02T02:20:18.565136-04:00,12.13,11.63
2026-08-02T02:30:23.154012-04:00,12.13,11.63
2026-08-02T02:40:25.495868-04:00,12.13,11.63
2026-08-02T02:50:20.378319-04:00,12.13,11.63
2026-08-02T03:00:25.966306-04:00,12.13,11.63
2026-08-02T03:10:25.600877-04:00,12.13,11.63
2026-08-02T03:16:29.191377-04:00,12.13,11.63
2026-08-02T03:20:19.270972-04:00,12.13,11.63
2026-08-02T03:30:20.343597-04:00,12.13,11.63
2026-08-02T03:40:20.104034-04:00,12.13,11.63
2026-08-02T03:50:18.005664-04:00,12.13,11.63
2026-08-02T04:00:21.979144-04:00,12.13,11.63
2026-08-02T04:10:24.156072-04:00,12.13,11.63
2026-08-02T04:20:15.822352-04:00,12.13,11.63
2026-08-02T04:30:28.364715-04:00,12.13,11.63
2026-08-02T04:40:19.261592-04:00,12.13,11.63
2026-08-02T04:50:25.256075-04:00,12.13,11.63
2026-08-02T05:00:25.795791-04:00,12.13,11.63
2026-08-02T05:10:18.790699-04:00,12.13,11.63
2026-08-02T05:20:17.080740-04:00,12.13,11.63
2026-08-02T05:30:08.673077-04:00,12.13,11.64
2026-08-02T05:40:19.338396-04:00,12.13,11.64
2026-08-02T05:50:22.735447-04:00,12.13,11.64
2026-08-02T06:00:25.734397-04:00,12.13,11.64
2026-08-02T06:10:22.477406-04:00,12.13,11.64
2026-08-02T06:20:24.168059-04:00,12.13,11.65
2026-08-02T06:30:19.692897-04:00,12.13,11.65
2026-08-02T06:40:19.760879-04:00,12.13,11.67
2026-08-02T06:50:19.667156-04:00,12.13,11.67
2026-08-02T07:00:26.680035-04:00,12.13,11.67
2026-08-02T07:02:40.486855-04:00,12.13,11.68
2026-08-02T07:10:18.518358-04:00,12.13,11.69
2026-08-02T07:20:19.997311-04:00,12.13,11.69
2026-08-02T07:30:19.140067-04:00,12.13,11.69
2026-08-02T07:40:18.021968-04:00,12.13,11.69
2026-08-02T07:50:16.586635-04:00,12.13,11.7
2026-08-02T08:00:23.385458-04:00,12.13,11.7
2026-08-02T08:10:17.670306-04:00,12.13,11.71
2026-08-02T08:13:34.586387-04:00,12.13,11.71
2026-08-02T08:20:24.797885-04:00,12.13,11.71
2026-08-02T08:30:24.860380-04:00,12.13,11.72
2026-08-02T08:40:22.861272-04:00,12.13,11.68
2026-08-02T08:50:19.784804-04:00,12.13,11.67
2026-08-02T09:00:21.205203-04:00,12.13,11.65
2026-08-02T09:10:17.461623-04:00,12.13,11.61
2026-08-02T09:20:19.782323-04:00,12.13,11.6
2026-08-02T09:30:18.723681-04:00,12.13,11.64
2026-08-02T09:40:19.669240-04:00,12.13,11.65
2026-08-02T09:50:17.931067-04:00,12.13,11.64
2026-08-02T09:55:08.749742-04:00,12.13,11.66
2026-08-02T10:00:23.411827-04:00,12.13,11.64
2026-08-02T10:10:15.687258-04:00,12.13,11.65
2026-08-02T10:20:25.680391-04:00,12.13,11.65
2026-08-02T10:30:19.749105-04:00,12.13,11.65
2026-08-02T10:40:21.517980-04:00,12.13,11.66
2026-08-02T10:50:17.337291-04:00,12.13,11.66
2026-08-02T10:55:20.455935-04:00,12.13,11.67
2026-08-02T11:00:19.439098-04:00,12.13,11.68
2026-08-02T11:10:20.483839-04:00,12.13,11.68
2026-08-02T11:20:17.140537-04:00,12.13,11.66
2026-08-02T11:30:19.496270-04:00,12.13,11.68
2026-08-02T11:40:17.523930-04:00,12.13,11.67
2026-08-02T11:50:20.913633-04:00,12.13,11.67
2026-08-02T11:55:09.497439-04:00,12.13,11.67
2026-08-02T12:00:21.685246-04:00,12.13,11.67
2026-08-02T12:10:17.577450-04:00,12.13,11.67
2026-08-02T12:20:16.716083-04:00,12.13,11.68
2026-08-02T12:30:19.377955-04:00,12.13,11.68
2026-08-02T12:40:20.625829-04:00,12.13,11.69
2026-08-02T12:50:21.885331-04:00,12.13,11.69
2026-08-02T12:51:04.421451-04:00,12.13,11.69
2026-08-02T13:00:25.833634-04:00,12.13,11.7
2026-08-02T13:10:18.878474-04:00,12.13,11.69
2026-08-02T13:20:17.470683-04:00,12.13,11.68
2026-08-02T13:30:25.091581-04:00,12.13,11.67
2026-08-02T13:40:18.759582-04:00,12.13,11.67
2026-08-02T13:50:17.435311-04:00,12.13,11.67
2026-08-02T13:55:30.387000-04:00,12.13,11.68
2026-08-02T14:00:27.564477-04:00,12.13,11.68
2026-08-02T14:10:15.690019-04:00,12.13,11.67
2026-08-02T14:20:15.756240-04:00,12.13,11.68
2026-08-02T14:30:21.258462-04:00,12.13,11.67
2026-08-02T14:40:21.349039-04:00,12.13,11.67
2026-08-02T14:50:18.389099-04:00,12.13,11.67
2026-08-02T14:59:17.861711-04:00,12.13,11.67
2026-08-02T15:00:24.568708-04:00,12.13,11.67
2026-08-02T15:10:17.805976-04:00,12.13,11.67
2026-08-02T15:20:23.466125-04:00,12.13,11.67
2026-08-02T15:30:18.586511-04:00,12.13,11.67
2026-08-02T15:40:22.767193-04:00,12.13,11.67
2026-08-02T15:50:16.338054-04:00,12.13,11.65
2026-08-02T16:00:22.463261-04:00,12.13,11.66
2026-08-02T16:10:18.640735-04:00,12.13,11.66
2026-08-02T16:11:45.094643-04:00,12.13,11.66
2026-08-02T16:20:25.588255-04:00,12.13,11.66
2026-08-02T16:30:18.381612-04:00,12.13,11.66
2026-08-02T16:40:18.477430-04:00,12.13,11.66
2026-08-02T16:50:19.851534-04:00,12.13,11.65
2026-08-02T17:00:21.043577-04:00,12.13,11.67
2026-08-02T17:09:51.250593-04:00,12.13,11.67
2026-08-02T17:10:17.448739-04:00,12.13,11.67
2026-08-02T17:20:15.039255-04:00,12.13,11.68
2026-08-02T17:30:18.568352-04:00,12.13,11.68
2026-08-02T17:40:19.434214-04:00,12.13,11.68
2026-08-02T17:50:17.865157-04:00,12.13,11.68
2026-08-02T18:00:23.846027-04:00,12.13,11.67
2026-08-02T18:08:33.559017-04:00,12.13,11.68
2026-08-02T18:10:25.718681-04:00,12.13,11.68
2026-08-02T18:20:19.224038-04:00,12.13,11.66
2026-08-02T18:30:18.985782-04:00,12.13,11.67
2026-08-02T18:40:16.122125-04:00,12.13,11.67
2026-08-02T18:50:17.851657-04:00,12.13,11.67
2026-08-02T19:00:25.588528-04:00,12.13,11.67
2026-08-02T19:08:57.586554-04:00,12.13,11.68
2026-08-02T19:10:14.677020-04:00,12.13,11.68
2026-08-02T19:20:17.653972-04:00,12.13,11.69
2026-08-02T19:30:26.758139-04:00,12.13,11.69
2026-08-02T19:40:18.459986-04:00,12.13,11.71
2026-08-02T19:50:17.235200-04:00,12.13,11.73
2026-08-02T20:00:21.084767-04:00,12.13,11.71
2026-08-02T20:10:22.753817-04:00,12.13,11.71
2026-08-02T20:20:15.567276-04:00,12.13,11.7
2026-08-02T20:30:24.329913-04:00,12.13,11.7
2026-08-02T20:40:17.175645-04:00,12.13,11.71
2026-08-02T20:50:16.259798-04:00,12.13,11.72
2026-08-02T21:00:22.950242-04:00,12.13,11.73
2026-08-02T21:10:16.333355-04:00,12.13,11.73
2026-08-02T21:20:19.308569-04:00,12.13,11.72
2026-08-02T21:30:24.796837-04:00,12.13,11.73
2026-08-02T21:40:17.166268-04:00,12.13,11.74
2026-08-02T21:50:17.801858-04:00,12.13,11.74
2026-08-02T22:00:22.118185-04:00,12.13,11.74
2026-08-02T22:10:21.171568-04:00,12.13,11.74
2026-08-02T22:20:25.068640-04:00,12.13,11.76
2026-08-02T22:30:22.367157-04:00,12.13,11.77
2026-08-02T22:40:23.548513-04:00,12.13,11.78
2026-08-02T22:50:17.398832-04:00,12.13,11.79
2026-08-02T23:00:22.422605-04:00,12.13,11.78
2026-08-02T23:10:18.009768-04:00,12.13,11.78
2026-08-02T23:20:16.310258-04:00,12.13,11.79
2026-08-02T23:30:19.193180-04:00,12.13,11.79
2026-08-02T23:40:15.897427-04:00,12.13,11.79
2026-08-02T23:50:17.504939-04:00,12.13,11.79
2026-08-02T23:52:05.395397-04:00,12.13,11.79
2026-08-03T00:00:34.016321-04:00,12.13,11.78
2026-08-03T00:10:21.631506-04:00,12.13,11.78
2026-08-03T00:20:17.858657-04:00,12.13,11.77
2026-08-03T00:30:19.137575-04:00,12.13,11.76
2026-08-03T00:40:15.404545-04:00,12.13,11.78
2026-08-03T00:50:17.125548-04:00,12.13,11.78
2026-08-03T01:00:29.719786-04:00,12.13,11.75
2026-08-03T01:10:25.527434-04:00,12.13,11.75
2026-08-03T01:20:20.928844-04:00,12.13,11.75
2026-08-03T01:30:24.730907-04:00,12.13,11.76
2026-08-03T01:40:21.521381-04:00,12.13,11.76
2026-08-03T01:50:18.906817-04:00,12.13,11.76
2026-08-03T02:00:24.558374-04:00,12.13,11.75
2026-08-03T02:10:19.537400-04:00,12.13,11.75
2026-08-03T02:20:21.540021-04:00,12.13,11.75
2026-08-03T02:30:26.350937-04:00,12.13,11.75
2026-08-03T02:40:24.438468-04:00,12.13,11.75
2026-08-03T02:50:20.983580-04:00,12.13,11.75
2026-08-03T02:52:54.572242-04:00,12.13,11.75
2026-08-03T03:00:23.347565-04:00,12.13,11.75
2026-08-03T03:10:23.576069-04:00,12.13,11.75
2026-08-03T03:20:16.848905-04:00,12.13,11.75
2026-08-03T03:30:37.756984-04:00,12.13,11.75
2026-08-03T03:40:23.921409-04:00,12.13,11.75
2026-08-03T03:50:37.232209-04:00,12.13,11.75
2026-08-03T04:00:50.495123-04:00,12.13,11.75
2026-08-03T04:10:24.351901-04:00,12.13,11.75
2026-08-03T04:20:25.725885-04:00,12.13,11.75
2026-08-03T04:30:24.809093-04:00,12.13,11.75
2026-08-03T04:40:20.391670-04:00,12.13,11.75
2026-08-03T04:50:21.275484-04:00,12.13,11.76
2026-08-03T05:00:26.586147-04:00,12.13,11.76
2026-08-03T05:10:58.051966-04:00,12.13,11.76
2026-08-03T05:20:27.141921-04:00,12.13,11.76
2026-08-03T05:30:29.349151-04:00,12.13,11.76
2026-08-03T05:40:28.578657-04:00,12.13,11.76
2026-08-03T05:50:20.680846-04:00,12.13,11.76
2026-08-03T06:00:27.924601-04:00,12.13,11.76
2026-08-03T06:10:16.784107-04:00,12.13,11.76
2026-08-03T06:20:25.327706-04:00,12.13,11.75
2026-08-03T06:30:23.153462-04:00,12.13,11.75
2026-08-03T06:34:03.239041-04:00,12.13,11.75
2026-08-03T06:40:22.868270-04:00,12.13,11.75
2026-08-03T06:50:16.647098-04:00,12.13,11.75
2026-08-03T07:00:28.346740-04:00,12.13,11.74
2026-08-03T07:10:27.051923-04:00,12.13,11.74
2026-08-03T07:20:21.017894-04:00,12.13,11.69
2026-08-03T07:30:25.685743-04:00,12.13,11.72
2026-08-03T07:40:17.287936-04:00,12.13,11.74
2026-08-03T07:50:19.660515-04:00,12.13,11.75
2026-08-03T08:00:24.725180-04:00,12.13,11.75
2026-08-03T08:10:19.376664-04:00,12.13,11.71
2026-08-03T08:20:26.032088-04:00,12.13,11.73
2026-08-03T08:30:18.838507-04:00,12.13,11.7
2026-08-03T08:40:17.960838-04:00,12.13,11.7
2026-08-03T08:50:16.659071-04:00,12.13,11.7
2026-08-03T09:00:21.636918-04:00,12.13,11.71
2026-08-03T09:10:21.010045-04:00,12.13,11.73
2026-08-03T09:20:21.460261-04:00,12.13,11.71
2026-08-03T09:30:00.814183-04:00,12.13,11.72
2026-08-03T09:30:27.401532-04:00,12.13,11.72
2026-08-03T09:40:26.604282-04:00,12.13,11.73
2026-08-03T09:50:28.093853-04:00,12.13,11.75
2026-08-03T10:00:27.099953-04:00,12.13,11.76
2026-08-03T10:10:17.740447-04:00,12.13,11.74
2026-08-03T10:20:20.750313-04:00,12.13,11.73
2026-08-03T10:30:22.720493-04:00,12.13,11.73
2026-08-03T10:40:19.529094-04:00,12.13,11.74
2026-08-03T10:50:27.299216-04:00,12.13,11.74
2026-08-03T11:00:22.207343-04:00,12.13,11.73
2026-08-03T11:10:24.083689-04:00,12.13,11.72
2026-08-03T11:20:19.455782-04:00,12.13,11.73
2026-08-03T11:30:19.976041-04:00,12.13,11.74
2026-08-03T11:40:27.932830-04:00,12.13,11.75
2026-08-03T11:50:19.833689-04:00,12.13,11.75
2026-08-03T12:00:22.983333-04:00,12.13,11.75
2026-08-03T12:04:09.938654-04:00,12.13,11.76
2026-08-03T12:10:24.942067-04:00,12.13,11.76
2026-08-03T12:20:17.459574-04:00,12.13,11.8
2026-08-03T12:30:25.959787-04:00,12.13,11.79
2026-08-03T12:40:17.853863-04:00,12.13,11.8
2026-08-03T12:50:21.798381-04:00,12.13,11.8
2026-08-03T13:00:31.507866-04:00,12.13,11.82
2026-08-03T13:10:18.158212-04:00,12.13,11.84
2026-08-03T13:20:18.677065-04:00,12.13,11.81
2026-08-03T13:30:23.863933-04:00,12.13,11.82
2026-08-03T13:40:19.150280-04:00,12.13,11.81
2026-08-03T13:50:22.353099-04:00,12.13,11.8
2026-08-03T14:00:23.981669-04:00,12.13,11.81
2026-08-03T14:03:03.085043-04:00,12.13,11.82
2026-08-03T14:10:17.753598-04:00,12.13,11.83
2026-08-03T14:20:18.391113-04:00,12.13,11.82
2026-08-03T14:30:28.640764-04:00,12.13,11.82
2026-08-03T14:40:19.553010-04:00,12.13,11.85
2026-08-03T14:50:20.431992-04:00,12.13,11.86
2026-08-03T15:00:29.033711-04:00,12.13,11.87
2026-08-03T15:10:26.751708-04:00,12.13,11.86
2026-08-03T15:20:23.170478-04:00,12.13,11.87
2026-08-03T15:30:20.214671-04:00,12.13,11.86
2026-08-03T15:40:18.994750-04:00,12.13,11.86
2026-08-03T15:50:20.358856-04:00,12.13,11.88
2026-08-03T15:54:59.541338-04:00,12.13,11.88
2026-08-03T16:00:28.599548-04:00,12.13,11.87
2026-08-03T16:10:18.826347-04:00,12.13,11.88
2026-08-03T16:20:19.663268-04:00,12.13,11.87
2026-08-03T16:30:34.291838-04:00,12.13,11.88
2026-08-03T16:40:16.851037-04:00,12.13,11.88
2026-08-03T16:50:21.577936-04:00,12.13,11.88
2026-08-03T16:56:33.330878-04:00,12.13,11.89
2026-08-03T17:00:22.520275-04:00,12.13,11.89
2026-08-03T17:10:17.536438-04:00,12.13,11.89
2026-08-03T17:20:18.496394-04:00,12.13,11.89
2026-08-03T17:30:18.872358-04:00,12.13,11.9
2026-08-03T17:40:18.372401-04:00,12.13,11.9
2026-08-03T17:50:24.560943-04:00,12.13,11.9
2026-08-03T18:00:28.434905-04:00,12.13,11.91
2026-08-03T18:04:51.135511-04:00,12.13,11.9
2026-08-03T18:10:17.623410-04:00,12.13,11.9
2026-08-03T18:20:18.570387-04:00,12.13,11.89
2026-08-03T18:30:21.612149-04:00,12.13,11.88
2026-08-03T18:40:17.999915-04:00,12.13,11.87
2026-08-03T18:50:25.578224-04:00,12.13,11.88
2026-08-03T19:00:19.239616-04:00,12.13,11.86
2026-08-03T19:10:20.791198-04:00,12.13,11.86
2026-08-03T19:17:59.834057-04:00,12.13,11.86
2026-08-03T19:20:17.488280-04:00,12.13,11.86
2026-08-03T19:30:27.531238-04:00,12.13,11.84
2026-08-03T19:40:28.496845-04:00,12.13,11.84
2026-08-03T19:50:18.870414-04:00,12.13,11.82
2026-08-03T20:00:32.485489-04:00,12.13,11.79
2026-08-03T20:10:17.666717-04:00,12.13,11.68
2026-08-03T20:20:18.306799-04:00,12.13,11.74
2026-08-03T20:30:21.700477-04:00,12.13,11.77
2026-08-03T20:40:21.412234-04:00,12.13,11.79
2026-08-03T20:50:18.737247-04:00,12.13,11.78
2026-08-03T20:57:52.144902-04:00,12.13,11.78
2026-08-03T21:00:23.050469-04:00,12.13,11.78
2026-08-03T21:10:17.571722-04:00,12.13,11.76
2026-08-03T21:20:17.937196-04:00,12.13,11.74
2026-08-03T21:30:20.667811-04:00,12.13,11.74
2026-08-03T21:40:15.783248-04:00,12.13,11.76
2026-08-03T21:50:22.983866-04:00,12.13,11.76
2026-08-03T22:00:26.425814-04:00,12.13,11.76
2026-08-03T22:10:17.914505-04:00,12.13,11.76
2026-08-03T22:20:24.033229-04:00,12.13,11.75
2026-08-03T22:30:20.669868-04:00,12.13,11.73
2026-08-03T22:40:18.756844-04:00,12.13,11.73
2026-08-03T22:50:19.799070-04:00,12.13,11.74
2026-08-03T23:00:20.954405-04:00,12.13,11.74
2026-08-03T23:10:15.759777-04:00,12.13,11.74
2026-08-03T23:20:15.372514-04:00,12.13,11.75
2026-08-03T23:30:26.572452-04:00,12.13,11.76
2026-08-03T23:40:17.326243-04:00,12.13,11.76
2026-08-03T23:50:18.310429-04:00,12.13,11.76
2026-08-04T00:00:20.415264-04:00,12.13,11.77
2026-08-04T00:10:15.101077-04:00,12.13,11.77
2026-08-04T00:13:26.371370-04:00,12.13,11.77
2026-08-04T00:20:16.088671-04:00,12.13,11.77
2026-08-04T00:30:17.748361-04:00,12.13,11.77
2026-08-04T00:40:19.073034-04:00,12.13,11.77
2026-08-04T00:50:18.526546-04:00,12.13,11.77
2026-08-04T01:00:30.449522-04:00,12.13,11.77
2026-08-04T01:10:19.598298-04:00,12.13,11.77
2026-08-04T01:20:16.976826-04:00,12.13,11.77
2026-08-04T01:30:28.984987-04:00,12.13,11.77
2026-08-04T01:40:25.135827-04:00,12.13,11.77
2026-08-04T01:50:15.841234-04:00,12.13,11.77
2026-08-04T02:00:23.628894-04:00,12.13,11.77
2026-08-04T02:10:18.491992-04:00,12.13,11.76
2026-08-04T02:20:16.249000-04:00,12.13,11.76
2026-08-04T02:30:26.419513-04:00,12.13,11.76
2026-08-04T02:40:17.584024-04:00,12.13,11.76
2026-08-04T02:40:52.017611-04:00,12.13,11.76
2026-08-04T02:50:26.030663-04:00,12.13,11.76
2026-08-04T03:00:24.046904-04:00,12.13,11.76
2026-08-04T03:10:26.972017-04:00,12.13,11.76
2026-08-04T03:20:18.907430-04:00,12.13,11.76
2026-08-04T03:30:26.620178-04:00,12.13,11.76
2026-08-04T03:40:15.698561-04:00,12.13,11.76
2026-08-04T03:50:18.103196-04:00,12.13,11.76
2026-08-04T04:00:24.816617-04:00,12.13,11.76
2026-08-04T04:10:19.031557-04:00,12.13,11.76
2026-08-04T04:20:23.356145-04:00,12.13,11.76
2026-08-04T04:30:21.994768-04:00,12.13,11.76
2026-08-04T04:40:22.361360-04:00,12.13,11.76
2026-08-04T04:50:22.426107-04:00,12.13,11.76
2026-08-04T05:00:21.831707-04:00,12.13,11.76
2026-08-04T05:10:25.047389-04:00,12.13,11.76
2026-08-04T05:20:19.582648-04:00,12.13,11.76
2026-08-04T05:27:51.489319-04:00,12.13,11.76
2026-08-04T05:30:19.666890-04:00,12.13,11.76
2026-08-04T05:40:18.362047-04:00,12.13,11.76
2026-08-04T05:50:27.240244-04:00,12.13,11.76
2026-08-04T06:00:29.506495-04:00,12.13,11.76
2026-08-04T06:10:21.680175-04:00,12.13,11.76
2026-08-04T06:20:26.959823-04:00,12.13,11.76
2026-08-04T06:30:24.097462-04:00,12.13,11.76
2026-08-04T06:40:23.290750-04:00,12.13,11.76
2026-08-04T06:50:16.438098-04:00,12.13,11.76
2026-08-04T07:00:25.584213-04:00,12.13,11.76
2026-08-04T07:10:19.685648-04:00,12.13,11.74
2026-08-04T07:20:24.754908-04:00,12.13,11.74
2026-08-04T07:30:27.067644-04:00,12.13,11.74
2026-08-04T07:39:20.786987-04:00,12.13,11.74
2026-08-04T07:40:19.754175-04:00,12.13,11.73
2026-08-04T07:50:25.425332-04:00,12.13,11.73
2026-08-04T08:00:27.481924-04:00,12.13,11.72
2026-08-04T08:10:22.990400-04:00,12.08,11.72
2026-08-04T08:20:20.766810-04:00,12.08,11.72
2026-08-04T08:30:21.012961-04:00,12.08,11.68
2026-08-04T08:40:19.966149-04:00,12.08,11.7
2026-08-04T08:50:17.103257-04:00,12.08,11.71
2026-08-04T09:00:26.934448-04:00,12.08,11.73
2026-08-04T09:10:25.839378-04:00,12.08,11.77
2026-08-04T09:20:20.631833-04:00,12.08,11.76
2026-08-04T09:22:23.337958-04:00,12.08,11.76
2026-08-04T09:30:27.056731-04:00,12.08,11.77
2026-08-04T09:40:18.860899-04:00,12.08,11.78
2026-08-04T09:50:26.943017-04:00,12.08,11.78
2026-08-04T10:00:23.743273-04:00,12.08,11.77
2026-08-04T10:10:23.472297-04:00,12.08,11.78
2026-08-04T10:20:19.198666-04:00,12.08,11.78
2026-08-04T10:30:28.249251-04:00,12.08,11.76
2026-08-04T10:40:25.237020-04:00,12.08,11.76
2026-08-04T10:50:19.596552-04:00,12.08,11.76
2026-08-04T11:00:22.374744-04:00,12.08,11.76
2026-08-04T11:10:22.892209-04:00,12.08,11.74
2026-08-04T11:20:26.527923-04:00,12.08,11.75
2026-08-04T11:30:23.464281-04:00,12.08,11.75
2026-08-04T11:40:24.434576-04:00,12.08,11.76
2026-08-04T11:43:45.691169-04:00,12.08,11.76
2026-08-04T11:50:25.240131-04:00,12.08,11.76
2026-08-04T12:00:30.980514-04:00,12.08,11.76
2026-08-04T12:10:19.864840-04:00,12.08,11.76
2026-08-04T12:20:18.560434-04:00,12.08,11.77
2026-08-04T12:30:26.814351-04:00,12.08,11.77
2026-08-04T12:40:19.822506-04:00,12.08,11.76
2026-08-04T12:50:16.098188-04:00,12.08,11.76
2026-08-04T13:00:31.161660-04:00,12.08,11.76
2026-08-04T13:10:23.651417-04:00,12.08,11.76
2026-08-04T13:20:16.983021-04:00,12.08,11.77
2026-08-04T13:22:10.046801-04:00,12.08,11.77
2026-08-04T13:30:23.574214-04:00,12.08,11.76
2026-08-04T13:40:23.386357-04:00,12.08,11.77
2026-08-04T13:50:22.772282-04:00,12.08,11.77
2026-08-04T14:00:26.409865-04:00,12.08,11.77
2026-08-04T14:10:19.871065-04:00,12.08,11.77
2026-08-04T14:20:23.105614-04:00,12.08,11.77
2026-08-04T14:30:29.650030-04:00,12.08,11.77
2026-08-04T14:40:24.662788-04:00,12.08,11.77
2026-08-04T14:50:25.792040-04:00,12.08,11.76
2026-08-04T15:00:20.663585-04:00,12.08,11.76
2026-08-04T15:04:15.370210-04:00,12.08,11.77
2026-08-04T15:10:17.927551-04:00,12.08,11.76
2026-08-04T15:20:19.197035-04:00,12.08,11.76
2026-08-04T15:30:25.394320-04:00,12.08,11.76
2026-08-04T15:40:18.934679-04:00,12.08,11.76
2026-08-04T15:50:21.495924-04:00,12.08,11.74
2026-08-04T16:00:27.889353-04:00,12.08,11.74
2026-08-04T16:10:23.205567-04:00,12.08,11.74
2026-08-04T16:20:17.770131-04:00,12.08,11.74
2026-08-04T16:30:25.183976-04:00,12.08,11.74
2026-08-04T16:40:24.188289-04:00,12.08,11.76
2026-08-04T16:41:23.905186-04:00,12.08,11.76
2026-08-04T16:50:16.550219-04:00,12.08,11.76
2026-08-04T17:00:28.016816-04:00,12.08,11.75
2026-08-04T17:10:18.748916-04:00,12.08,11.76
2026-08-04T17:20:23.612883-04:00,12.08,11.75
2026-08-04T17:30:24.946587-04:00,12.08,11.76
2026-08-04T17:40:24.652102-04:00,12.08,11.76
2026-08-04T17:50:18.269179-04:00,12.08,11.76
2026-08-04T17:54:55.335678-04:00,12.08,11.76
2026-08-04T18:00:21.788363-04:00,12.08,11.73
2026-08-04T18:10:16.634578-04:00,12.08,11.72
2026-08-04T18:20:17.711680-04:00,12.08,11.72
2026-08-04T18:30:22.831127-04:00,12.08,11.7
2026-08-04T18:40:25.069202-04:00,12.08,11.68
2026-08-04T18:50:16.557573-04:00,12.08,11.67
2026-08-04T18:54:44.634626-04:00,12.08,11.67
2026-08-04T19:00:19.687303-04:00,12.08,11.69
2026-08-04T19:10:21.600559-04:00,12.08,11.69
2026-08-04T19:20:20.279203-04:00,12.08,11.69
2026-08-04T19:30:20.632059-04:00,12.08,11.69
2026-08-04T19:40:29.040911-04:00,12.08,11.67
2026-08-04T19:50:15.470459-04:00,12.08,11.63
2026-08-04T19:56:59.762304-04:00,12.08,11.65
2026-08-04T20:00:25.331634-04:00,12.08,11.66
2026-08-04T20:10:22.417106-04:00,12.08,11.66
2026-08-04T20:20:25.689771-04:00,12.08,11.68
2026-08-04T20:30:26.391003-04:00,12.08,11.64
2026-08-04T20:40:16.171740-04:00,12.08,11.64
2026-08-04T20:50:20.364649-04:00,12.08,11.64
2026-08-04T21:00:27.508786-04:00,12.08,11.64
2026-08-04T21:10:17.174797-04:00,12.08,11.65
2026-08-04T21:20:17.783610-04:00,12.08,11.65
2026-08-04T21:30:30.268200-04:00,12.08,11.65
2026-08-04T21:40:19.292267-04:00,12.08,11.65
2026-08-04T21:50:23.133774-04:00,12.08,11.65
2026-08-04T22:00:22.295361-04:00,12.08,11.64
2026-08-04T22:09:55.303505-04:00,12.08,11.64
2026-08-04T22:10:19.399490-04:00,12.08,11.64
2026-08-04T22:20:22.495747-04:00,12.08,11.65
2026-08-04T22:30:28.486235-04:00,12.08,11.65
2026-08-04T22:40:16.823211-04:00,12.08,11.65
2026-08-04T22:50:27.316408-04:00,12.08,11.65
2026-08-04T23:00:21.841284-04:00,12.08,11.65
2026-08-04T23:10:17.723569-04:00,12.08,11.65
2026-08-04T23:20:18.805508-04:00,12.08,11.65
2026-08-04T23:30:18.078419-04:00,12.08,11.65
2026-08-04T23:40:21.669231-04:00,12.08,11.65
2026-08-04T23:50:19.459128-04:00,12.08,11.65
2026-08-05T00:00:28.083878-04:00,12.08,11.63
2026-08-05T00:10:25.682416-04:00,12.08,11.63
2026-08-05T00:20:30.132313-04:00,12.08,11.63
2026-08-05T00:30:33.468155-04:00,12.08,11.63
2026-08-05T00:40:23.837584-04:00,12.08,11.62
2026-08-05T00:50:33.755347-04:00,12.08,11.62
2026-08-05T01:00:31.091701-04:00,12.08,11.62
2026-08-05T01:10:38.120111-04:00,12.08,11.62
2026-08-05T01:20:18.021257-04:00,12.08,11.62
2026-08-05T01:23:59.540674-04:00,12.08,11.62
2026-08-05T01:30:25.328633-04:00,12.08,11.61
2026-08-05T01:40:25.296618-04:00,12.08,11.61
2026-08-05T01:50:20.008701-04:00,12.08,11.61
2026-08-05T02:00:31.251416-04:00,12.08,11.61
2026-08-05T02:10:20.684001-04:00,12.08,11.61
2026-08-05T02:20:17.573159-04:00,12.08,11.61
2026-08-05T02:30:27.987005-04:00,12.08,11.61
2026-08-05T02:40:24.838593-04:00,12.08,11.61
2026-08-05T02:50:19.285896-04:00,12.08,11.61
2026-08-05T03:00:32.519774-04:00,12.08,11.61
2026-08-05T03:10:17.180511-04:00,12.08,11.61
2026-08-05T03:20:16.751156-04:00,12.08,11.61
2026-08-05T03:30:28.862743-04:00,12.08,11.61
2026-08-05T03:40:20.947202-04:00,12.08,11.61
2026-08-05T03:50:20.636502-04:00,12.08,11.61
2026-08-05T03:59:54.912191-04:00,12.08,11.61
2026-08-05T04:00:23.622735-04:00,12.08,11.61
2026-08-05T04:10:18.174677-04:00,12.08,11.61
2026-08-05T04:20:28.486325-04:00,12.08,11.61
2026-08-05T04:30:27.664761-04:00,12.08,11.61
2026-08-05T04:40:17.513394-04:00,12.08,11.61
2026-08-05T04:50:19.124337-04:00,12.08,11.61
2026-08-05T05:00:27.743075-04:00,12.08,11.61
2026-08-05T05:10:18.071996-04:00,12.08,11.61
2026-08-05T05:20:18.175741-04:00,12.08,11.61
2026-08-05T05:30:21.401551-04:00,12.08,11.62
2026-08-05T05:40:16.873527-04:00,12.08,11.62
2026-08-05T05:50:22.940641-04:00,12.08,11.62
2026-08-05T06:00:24.725019-04:00,12.08,11.62
2026-08-05T06:10:20.137355-04:00,12.08,11.62
2026-08-05T06:20:22.036672-04:00,12.08,11.61
2026-08-05T06:30:22.973788-04:00,12.08,11.61
2026-08-05T06:40:20.726143-04:00,12.08,11.61
2026-08-05T06:41:15.723999-04:00,12.08,11.61
2026-08-05T06:50:19.155991-04:00,12.08,11.61
2026-08-05T07:00:24.402072-04:00,12.08,11.62
2026-08-05T07:10:17.198370-04:00,12.08,11.62
2026-08-05T07:20:18.080548-04:00,12.08,11.62
2026-08-05T07:30:27.314562-04:00,12.08,11.61
2026-08-05T07:40:20.588105-04:00,12.08,11.62
2026-08-05T07:50:16.715254-04:00,12.08,11.6
2026-08-05T08:00:21.485080-04:00,12.08,11.6
2026-08-05T08:10:17.839335-04:00,12.02,11.6
2026-08-05T08:20:29.490064-04:00,12.02,11.61
2026-08-05T08:26:29.911507-04:00,12.02,11.62
2026-08-05T08:30:20.651541-04:00,12.02,11.62
2026-08-05T08:40:17.801629-04:00,12.02,11.63
2026-08-05T08:50:26.308712-04:00,12.02,11.64
2026-08-05T09:00:22.589636-04:00,12.02,11.63
2026-08-05T09:10:24.741924-04:00,12.02,11.63
2026-08-05T09:20:22.524769-04:00,12.02,11.63
2026-08-05T09:30:27.496061-04:00,12.02,11.63
2026-08-05T09:40:27.700290-04:00,12.02,11.63
2026-08-05T09:50:22.233554-04:00,12.02,11.6
2026-08-05T10:00:26.386543-04:00,12.02,11.56
2026-08-05T10:10:29.693919-04:00,12.02,11.55
2026-08-05T10:20:29.403924-04:00,12.02,11.57
2026-08-05T10:30:23.078529-04:00,12.02,11.53
2026-08-05T10:40:19.923907-04:00,12.02,11.56
2026-08-05T10:50:23.985432-04:00,12.02,11.57
2026-08-05T10:53:37.599811-04:00,12.02,11.59
2026-08-05T11:00:27.036069-04:00,12.02,11.6
2026-08-05T11:10:25.458971-04:00,12.02,11.6
2026-08-05T11:20:26.121416-04:00,12.02,11.59
2026-08-05T11:30:24.552439-04:00,12.02,11.61
2026-08-05T11:40:27.051960-04:00,12.02,11.61
2026-08-05T11:50:27.500553-04:00,12.02,11.61
2026-08-05T12:00:25.863939-04:00,12.02,11.61
2026-08-05T12:10:28.949582-04:00,12.02,11.61
2026-08-05T12:20:20.216775-04:00,12.02,11.62
2026-08-05T12:27:20.978205-04:00,12.02,11.61
2026-08-05T12:30:22.616612-04:00,12.02,11.61
2026-08-05T12:40:17.647184-04:00,12.02,11.61
2026-08-05T12:50:17.114583-04:00,12.02,11.61
2026-08-05T13:00:19.533409-04:00,12.02,11.59
2026-08-05T13:10:24.968906-04:00,12.02,11.56
2026-08-05T13:20:17.222604-04:00,12.02,11.58
2026-08-05T13:30:21.621138-04:00,12.02,11.58
2026-08-05T13:40:18.748442-04:00,12.02,11.57
2026-08-05T13:50:20.411507-04:00,12.02,11.58
2026-08-05T14:00:25.140019-04:00,12.02,11.59
2026-08-05T14:03:21.946378-04:00,12.02,11.59
2026-08-05T14:10:27.679609-04:00,12.02,11.6
2026-08-05T14:20:26.412535-04:00,12.02,11.6
2026-08-05T14:30:19.381097-04:00,12.02,11.59
2026-08-05T14:40:28.030233-04:00,12.02,11.59
2026-08-05T14:50:18.330233-04:00,12.02,11.59
2026-08-05T15:00:20.350094-04:00,12.02,11.6
2026-08-05T15:10:20.715451-04:00,12.02,11.62
2026-08-05T15:20:22.348070-04:00,12.02,11.61
2026-08-05T15:30:29.633694-04:00,12.02,11.62
2026-08-05T15:40:17.472799-04:00,12.02,11.62
2026-08-05T15:50:22.502077-04:00,12.02,11.62
2026-08-05T15:52:09.312488-04:00,12.02,11.61
2026-08-05T16:00:20.026248-04:00,12.02,11.61
2026-08-05T16:10:18.799967-04:00,12.02,11.6
2026-08-05T16:20:17.693841-04:00,12.02,11.6
2026-08-05T16:30:21.675104-04:00,12.02,11.58
2026-08-05T16:40:23.558105-04:00,12.02,11.57
2026-08-05T16:50:24.693042-04:00,12.02,11.57
2026-08-05T16:59:11.160370-04:00,12.02,11.56
2026-08-05T17:00:27.685208-04:00,12.02,11.56
2026-08-05T17:10:22.066894-04:00,12.02,11.56
2026-08-05T17:20:17.265339-04:00,12.02,11.54
2026-08-05T17:30:21.660503-04:00,12.02,11.53
2026-08-05T17:40:20.632450-04:00,12.02,11.51
2026-08-05T17:50:17.219188-04:00,12.02,11.54
2026-08-05T18:00:25.338755-04:00,12.02,11.54
2026-08-05T18:10:16.794274-04:00,12.02,11.53
2026-08-05T18:14:03.221126-04:00,12.02,11.51
2026-08-05T18:20:20.053590-04:00,12.02,11.51
2026-08-05T18:30:25.393622-04:00,12.02,11.48
2026-08-05T18:40:16.366139-04:00,12.02,11.45
2026-08-05T18:50:18.433285-04:00,12.02,11.45
2026-08-05T19:00:21.001361-04:00,12.02,11.48
2026-08-05T19:10:21.543806-04:00,12.02,11.45
2026-08-05T19:18:03.370571-04:00,12.02,11.47
2026-08-05T19:20:17.796119-04:00,12.02,11.45
2026-08-05T19:30:19.148389-04:00,12.02,11.43
2026-08-05T19:40:26.189860-04:00,12.02,11.42
2026-08-05T19:50:23.667385-04:00,12.02,11.38
2026-08-05T20:00:28.368136-04:00,12.02,11.39
2026-08-05T20:10:15.417929-04:00,12.02,11.33
2026-08-05T20:20:16.066646-04:00,12.02,11.36
2026-08-05T20:30:18.893671-04:00,12.02,11.34
2026-08-05T20:40:18.959933-04:00,12.02,11.33
2026-08-05T20:49:35.197347-04:00,12.02,11.28
2026-08-05T20:50:18.626916-04:00,12.02,11.28
2026-08-05T21:00:28.905288-04:00,12.02,11.25
2026-08-05T21:10:20.086606-04:00,12.02,11.25
2026-08-05T21:20:17.026971-04:00,12.02,11.27
2026-08-05T21:30:21.620468-04:00,12.02,11.27
2026-08-05T21:40:17.278321-04:00,12.02,11.27
2026-08-05T21:50:26.564406-04:00,12.02,11.27
2026-08-05T22:00:22.702890-04:00,12.02,11.23
2026-08-05T22:10:17.330364-04:00,12.02,11.23
2026-08-05T22:20:19.004974-04:00,12.02,11.22
2026-08-05T22:30:17.398267-04:00,12.02,11.23
2026-08-05T22:40:26.103437-04:00,12.02,11.23
2026-08-05T22:50:15.778141-04:00,12.02,11.25
2026-08-05T23:00:34.951097-04:00,12.02,11.25
2026-08-05T23:10:16.135673-04:00,12.02,11.26
2026-08-05T23:20:18.718683-04:00,12.02,11.26
2026-08-05T23:30:20.736180-04:00,12.02,11.29
2026-08-05T23:40:17.457379-04:00,12.02,11.33
2026-08-05T23:50:16.910793-04:00,12.02,11.29
2026-08-05T23:59:13.913676-04:00,12.02,11.3
2026-08-06T00:00:26.632147-04:00,12.02,11.3
2026-08-06T00:10:17.007980-04:00,12.02,11.3
2026-08-06T00:20:16.130537-04:00,12.02,11.3
2026-08-06T00:30:25.698540-04:00,12.02,11.3
2026-08-06T00:40:20.795776-04:00,12.02,11.3
2026-08-06T00:50:19.844373-04:00,12.02,11.3
2026-08-06T01:00:28.488882-04:00,12.02,11.3
2026-08-06T01:10:20.551703-04:00,12.02,11.3
2026-08-06T01:20:21.617377-04:00,12.02,11.31
2026-08-06T01:30:19.576261-04:00,12.02,11.31
2026-08-06T01:40:17.794486-04:00,12.02,11.31
2026-08-06T01:50:17.155849-04:00,12.02,11.21
2026-08-06T02:00:29.355039-04:00,12.02,11.21
2026-08-06T02:10:26.181719-04:00,12.02,11.25
2026-08-06T02:20:21.119455-04:00,12.02,11.25
2026-08-06T02:30:20.970025-04:00,12.02,11.21
2026-08-06T02:33:40.251536-04:00,12.02,11.21
2026-08-06T02:40:19.282808-04:00,12.02,11.21
2026-08-06T02:50:24.605053-04:00,12.02,11.22
2026-08-06T03:00:22.807850-04:00,12.02,11.22
2026-08-06T03:10:17.910286-04:00,12.02,11.22
2026-08-06T03:20:18.066215-04:00,12.02,11.22
2026-08-06T03:30:29.751063-04:00,12.02,11.21
2026-08-06T03:40:18.499955-04:00,12.02,11.21
2026-08-06T03:50:17.953263-04:00,12.02,11.21
2026-08-06T04:00:23.075216-04:00,12.02,11.21
2026-08-06T04:10:23.523806-04:00,12.02,11.21
2026-08-06T04:20:21.434477-04:00,12.02,11.21
2026-08-06T04:30:28.802109-04:00,12.02,11.21
2026-08-06T04:40:20.326472-04:00,12.02,11.21
2026-08-06T04:50:24.572168-04:00,12.02,11.21
2026-08-06T05:00:23.912091-04:00,12.02,11.21
2026-08-06T05:10:18.358570-04:00,12.02,11.22
2026-08-06T05:20:22.166409-04:00,12.02,11.22
2026-08-06T05:29:13.369956-04:00,12.02,11.22
2026-08-06T05:30:22.207426-04:00,12.02,11.22
2026-08-06T05:40:21.112548-04:00,12.02,11.22
2026-08-06T05:50:19.088406-04:00,12.02,11.22
2026-08-06T06:00:24.514292-04:00,12.02,11.22
2026-08-06T06:10:19.020129-04:00,12.02,11.23
2026-08-06T06:20:19.844152-04:00,12.02,11.23
2026-08-06T06:30:23.565026-04:00,12.02,11.23
2026-08-06T06:40:18.942185-04:00,12.02,11.22
2026-08-06T06:50:21.427704-04:00,12.02,11.24
2026-08-06T07:00:26.842082-04:00,12.02,11.24
2026-08-06T07:10:17.507846-04:00,12.02,11.28
2026-08-06T07:20:24.108486-04:00,12.02,11.3
2026-08-06T07:30:22.129409-04:00,12.02,11.31
2026-08-06T07:40:19.970027-04:00,12.02,11.31
2026-08-06T07:41:33.059882-04:00,12.02,11.31
2026-08-06T07:50:17.805397-04:00,12.02,11.28
2026-08-06T08:00:27.020955-04:00,12.02,11.28
2026-08-06T08:10:17.916442-04:00,11.86,11.24
2026-08-06T08:20:20.625735-04:00,11.86,11.24
2026-08-06T08:30:21.105882-04:00,11.86,11.24
2026-08-06T08:40:17.721487-04:00,11.86,11.22
2026-08-06T08:50:22.201463-04:00,11.86,11.24
2026-08-06T09:00:30.013723-04:00,11.86,11.24
2026-08-06T09:10:23.063613-04:00,11.86,11.29
2026-08-06T09:19:13.535176-04:00,11.86,11.27
2026-08-06T09:20:21.161248-04:00,11.86,11.27
2026-08-06T09:30:29.705131-04:00,11.86,11.27
2026-08-06T09:40:21.922982-04:00,11.86,11.26
2026-08-06T09:50:21.625528-04:00,11.86,11.26
2026-08-06T10:00:23.629643-04:00,11.86,11.26
2026-08-06T10:10:18.890318-04:00,11.86,11.26
2026-08-06T10:20:20.188535-04:00,11.86,11.25
2026-08-06T10:30:20.487548-04:00,11.86,11.26
2026-08-06T10:40:19.478328-04:00,11.86,11.26
2026-08-06T10:50:18.264313-04:00,11.86,11.26
2026-08-06T11:00:31.350203-04:00,11.86,11.26
2026-08-06T11:10:20.230808-04:00,11.86,11.27
2026-08-06T11:33:03.180975-04:00,11.86,11.3
2026-08-06T11:38:27.829145-04:00,11.86,11.3
2026-08-06T11:55:35.399805-04:00,11.86,11.31
2026-08-06T13:12:04.831874-04:00,11.86,11.27
2026-08-06T13:24:36.042565-04:00,11.86,11.27
2026-08-06T13:32:34.204367-04:00,11.86,11.27
2026-08-06T14:35:20.863726-04:00,11.86,11.22
2026-08-06T15:33:08.089368-04:00,11.86,11.14
2026-08-06T16:09:31.367254-04:00,11.86,11.02
2026-08-06T16:28:32.844438-04:00,11.86,11.04
2026-08-06T17:10:02.607986-04:00,11.86,11.04
2026-08-06T17:18:49.835175-04:00,11.86,11.06
2026-08-06T17:24:03.202891-04:00,11.86,11.07
2026-08-06T17:56:25.895078-04:00,11.86,11.07
2026-08-06T18:00:36.430128-04:00,11.86,11.04
2026-08-06T18:10:23.558319-04:00,11.86,11.07
2026-08-06T18:20:21.540009-04:00,11.86,11.07
2026-08-06T18:30:22.171360-04:00,11.86,11.08
2026-08-06T18:40:21.940855-04:00,11.86,11.08
2026-08-06T18:50:19.725583-04:00,11.86,11.09
2026-08-06T19:00:21.658228-04:00,11.86,11.09
2026-08-06T19:10:18.147449-04:00,11.86,11.06
2026-08-06T19:20:21.399534-04:00,11.86,11.07
2026-08-06T19:30:27.928784-04:00,11.86,11.08
2026-08-06T19:40:27.971670-04:00,11.86,11.08
2026-08-06T19:50:20.296718-04:00,11.86,11.1
2026-08-06T20:00:25.775174-04:00,11.86,11.08
2026-08-06T20:10:17.534572-04:00,11.86,11.08
2026-08-06T20:20:19.317912-04:00,11.86,11.07
2026-08-06T20:30:21.616424-04:00,11.86,11.06
2026-08-06T20:36:43.216161-04:00,11.86,11.06
2026-08-06T20:40:17.629582-04:00,11.86,11.06
2026-08-06T20:50:27.232679-04:00,11.86,11.07
2026-08-06T21:00:25.747666-04:00,11.86,11.07
2026-08-06T21:10:17.618620-04:00,11.86,11.07
2026-08-06T21:20:17.506435-04:00,11.86,11.08
2026-08-06T21:30:21.067894-04:00,11.86,11.08
2026-08-06T21:40:15.469073-04:00,11.86,11.08
2026-08-06T21:50:16.976045-04:00,11.86,11.08
2026-08-06T22:00:24.979122-04:00,11.86,11.1
2026-08-06T22:10:18.902940-04:00,11.86,11.1
2026-08-06T22:20:19.343652-04:00,11.86,11.1
2026-08-06T22:30:19.327514-04:00,11.86,11.11
2026-08-06T22:40:26.900226-04:00,11.86,11.1
2026-08-06T22:50:22.540826-04:00,11.86,11.1
2026-08-06T23:00:25.607257-04:00,11.86,11.11
2026-08-06T23:10:18.745478-04:00,11.86,11.11
2026-08-06T23:20:15.632551-04:00,11.86,11.11
2026-08-06T23:30:22.477422-04:00,11.86,11.11
2026-08-06T23:37:42.627644-04:00,11.86,11.11
2026-08-06T23:40:18.849036-04:00,11.86,11.11
2026-08-06T23:50:18.110074-04:00,11.86,11.11
2026-08-07T00:00:24.844947-04:00,11.86,11.12
2026-08-07T00:10:25.849600-04:00,11.86,11.13
2026-08-07T00:20:17.546039-04:00,11.86,11.12
2026-08-07T00:30:19.978657-04:00,11.86,11.14
2026-08-07T00:40:15.391647-04:00,11.86,11.16
2026-08-07T00:50:20.880418-04:00,11.86,11.16
2026-08-07T01:00:21.697918-04:00,11.86,11.16
2026-08-07T01:10:20.222539-04:00,11.86,11.16
2026-08-07T01:20:17.767990-04:00,11.86,11.16
2026-08-07T01:22:20.487844-04:00,11.86,11.16
2026-08-07T01:30:24.053572-04:00,11.86,11.16
2026-08-07T01:40:17.237182-04:00,11.86,11.16
2026-08-07T01:50:33.057690-04:00,11.86,11.16
2026-08-07T02:00:26.513751-04:00,11.86,11.15
2026-08-07T02:10:19.831698-04:00,11.86,11.15
2026-08-07T02:20:17.497375-04:00,11.86,11.15
2026-08-07T02:30:21.019462-04:00,11.86,11.15
2026-08-07T02:40:30.025910-04:00,11.86,11.16
2026-08-07T02:42:29.111852-04:00,11.86,11.16
2026-08-07T02:50:21.894850-04:00,11.86,11.16
2026-08-07T03:00:21.273072-04:00,11.86,11.16
2026-08-07T03:10:25.680998-04:00,11.86,11.16
2026-08-07T03:20:16.597969-04:00,11.86,11.16
2026-08-07T03:30:20.425907-04:00,11.86,11.15
2026-08-07T03:40:19.871298-04:00,11.86,11.15
2026-08-07T03:50:18.754875-04:00,11.86,11.14
2026-08-07T03:59:35.685050-04:00,11.86,11.14
2026-08-07T04:00:26.242554-04:00,11.86,11.11
2026-08-07T04:10:24.783867-04:00,11.86,11.11
2026-08-07T04:20:19.487137-04:00,11.86,11.11
2026-08-07T04:30:22.532269-04:00,11.86,11.11
2026-08-07T04:40:22.910037-04:00,11.86,11.11
2026-08-07T04:50:22.603957-04:00,11.86,11.11
2026-08-07T05:00:26.830763-04:00,11.86,11.12
2026-08-07T05:03:16.978655-04:00,11.86,11.12
2026-08-07T05:13:23.077594-04:00,11.86,11.12
2026-08-07T05:20:26.566387-04:00,11.86,11.12
2026-08-07T05:30:19.722723-04:00,11.86,11.12
2026-08-07T05:40:16.180966-04:00,11.86,11.12
2026-08-07T05:50:21.074733-04:00,11.86,11.12
2026-08-07T06:00:26.265035-04:00,11.86,11.12
2026-08-07T06:09:03.623472-04:00,11.86,11.12
2026-08-07T06:10:17.757377-04:00,11.86,11.12
2026-08-07T06:20:19.223880-04:00,11.86,11.12
2026-08-07T06:30:18.117341-04:00,11.86,11.15
2026-08-07T06:40:27.747563-04:00,11.86,11.14
2026-08-07T06:50:18.618918-04:00,11.86,11.14
2026-08-07T07:00:31.512816-04:00,11.86,11.15
2026-08-07T07:05:30.996564-04:00,11.86,11.15
2026-08-07T07:10:22.640224-04:00,11.86,11.15
2026-08-07T07:20:16.155675-04:00,11.86,11.14
2026-08-07T07:30:21.076766-04:00,11.86,11.14
2026-08-07T07:40:25.924548-04:00,11.86,11.14
2026-08-07T07:50:21.531842-04:00,11.86,11.14
2026-08-07T07:55:03.762284-04:00,11.86,11.14
2026-08-07T08:00:24.530901-04:00,11.86,11.16
2026-08-07T08:10:19.431073-04:00,11.86,11.16
2026-08-07T08:20:24.967418-04:00,11.86,11.16
2026-08-07T08:30:22.013237-04:00,11.86,11.19
2026-08-07T08:40:20.186409-04:00,11.86,11.2
2026-08-07T08:43:28.599324-04:00,11.86,11.21
2026-08-07T08:50:26.422526-04:00,11.86,11.21
2026-08-07T09:00:22.856130-04:00,11.86,11.22
2026-08-07T09:10:24.260800-04:00,11.86,11.23
2026-08-07T09:20:27.487599-04:00,11.86,11.28
2026-08-07T09:30:27.767147-04:00,11.86,11.26
2026-08-07T09:40:17.916015-04:00,11.86,11.24
2026-08-07T09:50:20.649797-04:00,11.86,11.25
2026-08-07T09:59:26.963973-04:00,11.86,11.23
2026-08-07T10:00:24.056986-04:00,11.86,11.23
2026-08-07T10:10:20.914663-04:00,11.86,11.21
2026-08-07T10:20:23.499993-04:00,11.86,11.13
2026-08-07T10:30:28.798304-04:00,11.86,11.15
2026-08-07T10:40:23.684070-04:00,11.86,11.15
2026-08-07T10:50:24.119010-04:00,11.86,11.15
2026-08-07T10:55:53.799323-04:00,11.86,11.15
2026-08-07T11:00:20.171828-04:00,11.86,11.15
2026-08-07T11:10:17.922684-04:00,11.86,11.15
2026-08-07T11:20:20.141288-04:00,11.86,11.15
2026-08-07T11:30:24.091394-04:00,11.86,11.13
2026-08-07T11:40:17.698320-04:00,11.86,11.13
2026-08-07T11:49:43.598414-04:00,11.86,11.14
2026-08-07T11:50:19.616975-04:00,11.86,11.14
2026-08-07T12:00:23.291199-04:00,11.86,11.14
2026-08-07T12:10:19.668722-04:00,11.86,11.13
2026-08-07T12:20:17.035251-04:00,11.86,11.12
2026-08-07T12:30:31.332204-04:00,11.86,11.13
2026-08-07T12:40:25.067095-04:00,11.86,11.13
2026-08-07T12:43:19.024863-04:00,11.86,11.13
2026-08-07T12:50:27.668469-04:00,11.86,11.15
2026-08-07T13:00:22.444608-04:00,11.86,11.14
2026-08-07T13:10:23.841561-04:00,11.86,11.15
2026-08-07T13:20:20.692287-04:00,11.86,11.16
2026-08-07T13:30:27.678568-04:00,11.86,11.16
2026-08-07T13:33:52.350175-04:00,11.86,11.17
2026-08-07T13:40:19.585900-04:00,11.86,11.17
2026-08-07T13:50:18.326212-04:00,11.86,11.16
2026-08-07T14:00:25.524378-04:00,11.86,11.16
2026-08-07T14:10:16.392078-04:00,11.86,11.16
2026-08-07T14:20:20.380687-04:00,11.86,11.17
2026-08-07T14:28:46.697556-04:00,11.86,11.17
2026-08-07T14:30:23.286045-04:00,11.86,11.17
2026-08-07T14:40:18.357899-04:00,11.86,11.17
2026-08-07T14:50:21.131899-04:00,11.86,11.16
2026-08-07T15:00:28.135136-04:00,11.86,11.15
2026-08-07T15:10:22.187746-04:00,11.86,11.13
2026-08-07T15:20:25.658500-04:00,11.86,11.12
2026-08-07T15:29:47.465772-04:00,11.86,11.15
2026-08-07T15:30:24.638479-04:00,11.86,11.16
2026-08-07T15:40:17.241555-04:00,11.86,11.13
2026-08-07T15:50:16.935931-04:00,11.86,11.13
2026-08-07T16:00:22.324918-04:00,11.86,11.13
2026-08-07T16:06:49.772654-04:00,11.86,11.13
2026-08-07T16:12:10.121020-04:00,11.86,11.13
2026-08-07T16:20:19.278546-04:00,11.86,11.14
2026-08-07T16:30:22.308021-04:00,11.86,11.16
2026-08-07T16:40:16.772706-04:00,11.86,11.14
2026-08-07T16:50:19.329762-04:00,11.86,11.14
2026-08-07T16:56:34.595641-04:00,11.86,11.14
2026-08-07T17:00:26.327987-04:00,11.86,11.14
2026-08-07T17:10:20.178564-04:00,11.86,11.15
2026-08-07T17:20:24.789868-04:00,11.86,11.15
2026-08-07T17:30:18.625612-04:00,11.86,11.15
2026-08-07T17:34:35.229387-04:00,11.86,11.13
2026-08-07T17:40:18.508904-04:00,11.86,11.13
2026-08-07T17:50:24.485263-04:00,11.86,11.13
2026-08-07T18:00:25.859256-04:00,11.86,11.12
2026-08-07T18:10:23.174314-04:00,11.86,11.12
2026-08-07T18:17:24.035988-04:00,11.86,11.12
2026-08-07T18:20:20.957136-04:00,11.86,11.12
2026-08-07T18:30:24.344860-04:00,11.86,11.12
2026-08-07T18:40:18.052184-04:00,11.86,11.13
2026-08-07T18:50:19.071890-04:00,11.86,11.12
2026-08-07T19:00:26.998026-04:00,11.86,11.12
2026-08-07T19:02:59.479696-04:00,11.86,11.12
2026-08-07T19:10:17.417558-04:00,11.86,11.12
2026-08-07T19:20:21.575962-04:00,11.86,11.12
2026-08-07T19:30:19.150038-04:00,11.86,11.1
2026-08-07T19:40:17.191474-04:00,11.86,11.11
2026-08-07T19:46:24.373304-04:00,11.86,11.11
2026-08-07T19:50:25.362344-04:00,11.86,11.11
2026-08-07T20:00:25.275434-04:00,11.86,11.11
2026-08-07T20:10:22.902881-04:00,11.86,11.09
2026-08-07T20:20:16.091512-04:00,11.86,11.09
2026-08-07T20:30:20.110341-04:00,11.86,11.1
2026-08-07T20:40:18.865758-04:00,11.86,11.1
2026-08-07T20:50:18.311958-04:00,11.86,11.1
2026-08-07T21:00:36.754403-04:00,11.86,11.1
2026-08-07T21:00:59.961177-04:00,11.86,11.1
2026-08-07T21:10:23.674037-04:00,11.86,11.1
2026-08-07T21:20:16.763474-04:00,11.86,11.12
2026-08-07T21:30:18.673973-04:00,11.86,11.11
2026-08-07T21:40:23.519276-04:00,11.86,11.1
2026-08-07T21:50:14.968148-04:00,11.86,11.09
2026-08-07T22:00:26.732129-04:00,11.86,11.09
2026-08-07T22:10:20.410710-04:00,11.86,11.08
2026-08-07T22:20:16.474420-04:00,11.86,11.09
2026-08-07T22:30:20.570432-04:00,11.86,11.1
2026-08-07T22:40:17.890155-04:00,11.86,11.11
2026-08-07T22:50:19.447384-04:00,11.86,11.11
2026-08-07T22:59:39.851185-04:00,11.86,11.12
2026-08-07T23:00:21.735931-04:00,11.86,11.12
2026-08-07T23:10:16.261204-04:00,11.86,11.11
2026-08-07T23:20:18.581821-04:00,11.86,11.11
2026-08-07T23:30:18.894051-04:00,11.86,11.13
2026-08-07T23:40:15.192144-04:00,11.86,11.13
2026-08-07T23:50:17.308860-04:00,11.86,11.13
2026-08-08T00:00:24.813377-04:00,11.86,11.1
2026-08-08T00:10:17.437517-04:00,11.86,11.11
2026-08-08T00:13:09.336791-04:00,11.86,11.11
2026-08-08T00:20:18.135207-04:00,11.86,11.11
2026-08-08T00:30:24.649469-04:00,11.86,11.11
2026-08-08T00:40:17.944977-04:00,11.86,11.12
2026-08-08T00:50:20.990213-04:00,11.86,11.11
2026-08-08T01:00:34.355164-04:00,11.86,11.11
2026-08-08T01:09:36.554821-04:00,11.86,11.11
2026-08-08T01:10:17.200440-04:00,11.86,11.11
2026-08-08T01:20:19.518209-04:00,11.86,11.12
2026-08-08T01:30:26.594715-04:00,11.86,11.12
2026-08-08T01:40:18.918217-04:00,11.86,11.11
2026-08-08T01:50:15.514426-04:00,11.86,11.12
2026-08-08T01:54:37.778058-04:00,11.86,11.11
2026-08-08T02:00:26.171857-04:00,11.86,11.11
2026-08-08T02:10:23.746901-04:00,11.86,11.11
2026-08-08T02:20:19.333166-04:00,11.86,11.11
2026-08-08T02:30:26.498205-04:00,11.86,11.1
2026-08-08T02:37:13.210799-04:00,11.86,11.1
2026-08-08T02:40:18.942595-04:00,11.86,11.1
2026-08-08T02:50:16.576968-04:00,11.86,11.1
2026-08-08T03:00:24.540807-04:00,11.86,11.1
2026-08-08T03:10:23.239361-04:00,11.86,11.1
2026-08-08T03:20:23.135576-04:00,11.86,11.1
2026-08-08T03:30:25.815199-04:00,11.86,11.1
2026-08-08T03:34:17.114715-04:00,11.86,11.1
2026-08-08T03:40:17.666286-04:00,11.86,11.1
2026-08-08T03:50:22.509391-04:00,11.86,11.1
2026-08-08T04:00:22.429636-04:00,11.86,11.1
2026-08-08T04:10:22.248402-04:00,11.86,11.1
2026-08-08T04:20:16.942212-04:00,11.86,11.1
2026-08-08T04:20:36.927291-04:00,11.86,11.1
2026-08-08T04:30:21.399213-04:00,11.86,11.1
2026-08-08T04:40:16.864554-04:00,11.86,11.1
2026-08-08T04:50:18.299908-04:00,11.86,11.1
2026-08-08T05:00:21.480345-04:00,11.86,11.1
2026-08-08T05:08:20.424829-04:00,11.86,11.1
2026-08-08T05:10:17.796647-04:00,11.86,11.1
2026-08-08T05:20:18.854492-04:00,11.86,11.1
2026-08-08T05:30:23.164632-04:00,11.86,11.1
2026-08-08T05:40:29.065897-04:00,11.86,11.1
2026-08-08T05:50:22.572311-04:00,11.86,11.1
2026-08-08T05:52:10.654020-04:00,11.86,11.1
2026-08-08T06:00:22.734122-04:00,11.86,11.1
2026-08-08T06:10:18.853157-04:00,11.86,11.12
2026-08-08T06:20:15.882276-04:00,11.86,11.12
2026-08-08T06:22:33.107918-04:00,11.86,11.12
2026-08-08T06:30:18.331003-04:00,11.86,11.12
2026-08-08T06:40:19.145409-04:00,11.86,11.12
2026-08-08T06:50:17.543980-04:00,11.86,11.12
2026-08-08T06:58:17.776829-04:00,11.86,11.12
2026-08-08T07:00:27.170434-04:00,11.86,11.12
2026-08-08T07:10:18.307979-04:00,11.86,11.12
2026-08-08T07:20:24.193468-04:00,11.86,11.12
2026-08-08T07:28:56.742227-04:00,11.86,11.12
2026-08-08T07:30:18.713936-04:00,11.86,11.12
2026-08-08T07:40:18.101541-04:00,11.86,11.12
2026-08-08T07:50:14.830866-04:00,11.86,11.12
2026-08-08T07:54:45.688463-04:00,11.86,11.13
2026-08-08T08:00:25.795207-04:00,11.86,11.13
2026-08-08T08:10:18.395069-04:00,11.86,11.13
2026-08-08T08:20:23.825128-04:00,11.86,11.12
2026-08-08T08:30:18.690642-04:00,11.86,11.12
2026-08-08T08:40:16.185414-04:00,11.86,11.12
2026-08-08T08:50:17.152712-04:00,11.86,11.12
2026-08-08T09:00:21.578980-04:00,11.86,11.1
2026-08-08T09:10:18.145352-04:00,11.86,11.09
2026-08-08T09:20:17.579784-04:00,11.86,11.09
2026-08-08T09:30:23.147065-04:00,11.86,11.05
2026-08-08T09:31:03.454417-04:00,11.86,11.05
2026-08-08T09:40:16.995748-04:00,11.86,11.07
2026-08-08T09:50:23.919535-04:00,11.86,11.09
2026-08-08T10:00:22.857734-04:00,11.86,11.1
2026-08-08T10:10:18.979884-04:00,11.86,11.11
2026-08-08T10:16:40.974401-04:00,11.86,11.1
2026-08-08T10:20:18.493669-04:00,11.86,11.1
2026-08-08T10:30:21.229648-04:00,11.86,11.1
2026-08-08T10:40:25.919663-04:00,11.86,11.1
2026-08-08T10:50:21.579450-04:00,11.86,11.1
2026-08-08T10:56:10.478885-04:00,11.86,11.1
2026-08-08T11:00:26.575350-04:00,11.86,11.1
2026-08-08T11:10:16.329577-04:00,11.86,11.1
2026-08-08T11:20:20.026197-04:00,11.86,11.08
2026-08-08T11:24:03.884068-04:00,11.86,11.15
2026-08-08T11:30:18.018413-04:00,11.86,11.08
2026-08-08T11:40:19.360220-04:00,11.86,11.08
2026-08-08T11:50:17.794178-04:00,11.86,11.08
2026-08-08T11:54:17.305567-04:00,11.86,11.08
2026-08-08T12:00:28.173369-04:00,11.86,11.08
2026-08-08T12:10:25.399840-04:00,11.86,11.07
2026-08-08T12:20:22.671741-04:00,11.86,11.08
2026-08-08T12:22:16.956682-04:00,11.86,11.08
2026-08-08T12:30:27.171759-04:00,11.86,11.09
2026-08-08T12:40:20.226424-04:00,11.86,11.1
2026-08-08T12:50:17.210015-04:00,11.86,11.1
2026-08-08T13:00:21.925312-04:00,11.86,11.1
2026-08-08T13:10:23.413840-04:00,11.86,11.11
2026-08-08T13:20:25.544174-04:00,11.86,11.11
2026-08-08T13:30:20.942021-04:00,11.86,11.11
2026-08-08T13:40:25.545664-04:00,11.86,11.12
2026-08-08T13:44:21.849473-04:00,11.86,11.12
2026-08-08T13:50:19.764397-04:00,11.86,11.13
2026-08-08T14:00:21.224575-04:00,11.86,11.12
2026-08-08T14:04:34.454347-04:00,11.86,11.12
2026-08-08T14:10:17.180839-04:00,11.86,11.12
2026-08-08T14:20:19.216214-04:00,11.86,11.12
2026-08-08T14:30:24.147209-04:00,11.86,11.13
2026-08-08T14:40:16.870420-04:00,11.86,11.14
2026-08-08T14:50:19.907565-04:00,11.86,11.16
2026-08-08T14:56:26.708472-04:00,11.86,11.16
2026-08-08T15:00:29.013816-04:00,11.86,11.16
2026-08-08T15:10:20.131190-04:00,11.86,11.16
2026-08-08T15:20:17.884022-04:00,11.86,11.15
2026-08-08T15:24:48.542841-04:00,11.86,11.15
2026-08-08T15:30:18.246081-04:00,11.86,11.15
2026-08-08T15:40:17.682346-04:00,11.86,11.15
2026-08-08T15:50:17.139453-04:00,11.86,11.15
2026-08-08T15:51:15.581168-04:00,11.86,11.15
2026-08-08T16:00:24.636752-04:00,11.86,11.17
2026-08-08T16:10:22.911810-04:00,11.86,11.19
2026-08-08T16:19:19.106374-04:00,11.86,11.2
2026-08-08T16:20:23.829594-04:00,11.86,11.2
2026-08-08T16:30:24.599870-04:00,11.86,11.21
2026-08-08T16:40:17.571717-04:00,11.86,11.21
2026-08-08T16:50:17.586807-04:00,11.86,11.21
2026-08-08T16:56:15.683185-04:00,11.86,11.21
2026-08-08T17:00:18.692848-04:00,11.86,11.21
2026-08-08T17:10:18.692411-04:00,11.86,11.21
2026-08-08T17:20:18.454738-04:00,11.86,11.21
2026-08-08T17:24:10.158739-04:00,11.86,11.21
2026-08-08T17:30:20.687638-04:00,11.86,11.21
2026-08-08T17:40:20.131905-04:00,11.86,11.21
2026-08-08T17:50:18.604204-04:00,11.86,11.21
2026-08-08T17:54:02.581063-04:00,11.86,11.21
2026-08-08T18:00:19.638549-04:00,11.86,11.21
2026-08-08T18:10:16.643642-04:00,11.86,11.18
2026-08-08T18:19:45.575219-04:00,11.86,11.18
2026-08-08T18:20:19.893465-04:00,11.86,11.18
2026-08-08T18:30:21.441716-04:00,11.86,11.17
2026-08-08T18:40:18.593753-04:00,11.86,11.17
2026-08-08T18:50:18.894289-04:00,11.86,11.17
2026-08-08T18:54:44.567735-04:00,11.86,11.17
2026-08-08T19:00:21.068328-04:00,11.86,11.17
2026-08-08T19:10:17.216782-04:00,11.86,11.17
